Key,English,ChineseSimplified,ChineseTraditional,Spanish,French,Russian,Portuguese,Japanese,Korean
MetaWorld,MetaWorld,MetaWorld,,,,,,MetaWorld,MetaWorld
Defeat1and1execute1them1,Defeat1and1execute1them1,Defeat1and1execute1them1,,,,,,Defeat1and1execute1them1,Defeat1and1execute1them1
Loading...,Loading...,Loading...,,,,,,Loading...,Loading...
"不要轻易暴露自己的身份
远离那些试图靠近你的人
不要相信任何人
每个人都可能很危险!","Don't reveal your identity easily.
Stay away from those who try to get close to you.
Don't trust anyone.
Everyone can be in danger!","不要轻易暴露自己的身份
远离那些试图靠近你的人
不要相信任何人
每个人都可能很危险!",,,,,,"簡単に身元を明かさないでください
自分に近づこうとする人からは距離を置く
誰も信用しないでください
誰でも危険な可能性があります！","쉽게 정체를 밝히지 마세요
당신에게 가까이 다가가려는 사람들을 멀리하세요
누구도 믿지 마세요
누구나 위험할 수 있어요!"
温馨提示,Friendly Tips,温馨提示,,,,,,親切なヒント,친절한 팁
"掏出手枪后，点击屏幕射击
找到隐藏的凶手，击败他!
不要攻击平民","Raise your gun and tap to shoot
Find the hidden Murderer and defeat him!
Do not attack civilians","掏出手枪后，点击屏幕射击
找到隐藏的凶手，击败他!
不要攻击平民",,,,,,"ピストルを取り出したら、画面をタップして発砲します
隠れた殺人者を探し出して倒しましょう！
民間人を攻撃しないでください","권총을 꺼낸 후 화면을 터치해 총을 쏘세요
숨은 살인자를 찾아 물리쳐보세요!
민간인을 공격하지 마십시오"
侦探教学,Detective Tutorial,侦探教学,,,,,,探偵の指導,탐정 교육
掏出手枪,Pull out the gun,掏出手枪,,,,,,ピストルを取り出す,권총을 꺼내다
收起手枪,Put away the gun,收起手枪,,,,,,ピストルをしまってください,권총은 치워두세요
准星图标,Front Sight,准星图标,,,,,,十字線アイコン,십자선 아이콘
"掏出近战武器后，会自动攻击周围玩家
掏出远程飞刀后，点击准星来扔出
击败所有人，小心侦探!","Attack nearby players automatically when Melee weapon is pulled
Pull out the Dagger and tap the aiming sign to throw it
Defeat everyone, Detective!","掏出近战武器后，会自动攻击周围玩家
掏出远程飞刀后，点击准星来扔出
击败所有人，小心侦探!",,,,,,"近接武器を取り出すと、自動的に周囲のプレイヤーを攻撃します。
リモート投げナイフを取り出した後、十字線をクリックして投げます
全員を倒し、探偵たちに気をつけてください!","근접 무기를 꺼내면 자동으로 주변 플레이어를 공격합니다.
원격 투척칼을 꺼낸 후 십자선을 클릭하여 투척합니다.
모두 물리치고 형사들을 조심하세요!"
凶手教学,Murderer Tutorial,凶手教学,,,,,,殺人者の教え,살인자 교육
掏出近战匕首,Pull out the Knife,掏出近战匕首,,,,,,近接ダガーを取り出します,근접 단검을 꺼내세요
掏出远程飞刀,Pull out the Dagger,掏出远程飞刀,,,,,,遠隔手投げナイフを取り出します,원격 투척칼을 꺼내세요
收起武器,Put away your weapon,收起武器,,,,,,武器をしまう,무기를 치워두다
恢复默认形象,Restore Default Avatar,恢复默认形象,,,,,,デフォルトイメージに戻す,기본 이미지 복원
换装商店,Dress Up Shop,换装商店,,,,,,ドレスアップショップ,드레스 업 샵
免费奖励,Free Rewards,免费奖励,,,,,,無料特典,무료 보상
看广告可以使用这个厉害的武器哟~,Watch ads to use this powerful weapon!,看广告可以使用这个厉害的武器哟~,,,,,,広告を見ればこの強力な武器を使うことができますよ~,광고를 보시면 이 강력한 무기를 사용하실 수 있습니다~
取消,Cancel,取消,,,,,,キャンセル,취소
Play Ads,Play Ads,Play Ads,,,,,,Play Ads,Play Ads
每天限购一次,One purchase per day,每天限购一次,,,,,,購入は1日1回までに制限する,하루에 한 번만 구매 가능
广告券+13888,Voucher + 13888,广告券+13888,,,,,,広告クーポン +13888,광고 쿠폰 +13888
已领取,Claimed,已领取,,,,,,受け取った,받았다
充值,Recharge,充值,,,,,,補充する,충전하다
UserId：1111111111,UserId：1111111111,UserId：1111111111,,,,,,UserId：1111111111,UserId：1111111111
9.99万亿111,$9.99 trillion 111,9.99万亿111,,,,,,9.99 兆 111,9조 9900억 111
9.99万亿,$9.99 trillion,9.99万亿,,,,,,9.99兆ドル,9.99조
请输入兑换码,Please enter redemption code,请输入兑换码,,,,,,引き換えコードを入力してください,상환 코드를 입력하세요
请输入作者提供的兑换码，即可兑换奖励,Please enter the redemption code provided by the author to redeem the reward,请输入作者提供的兑换码，即可兑换奖励,,,,,,特典を引き換えるには、作者が提供する引き換えコードを入力してください。,보상을 교환하려면 작성자가 제공한 교환 코드를 입력하세요.
兑换,Exchange,兑换,,,,,,交換,교환
There Is No Tomorrow,There Is No Tomorrow,There Is No Tomorrow,,,,,,There Is No Tomorrow,There Is No Tomorrow
社交,Social,社交,,,,,,社会的接触,사회적 접촉
*o*( 我要开始表演了~,*o* (I'm going to start the show!),*o*( 我要开始表演了~,,,,,,*o*( ショーを始めます。,*오*( 쇼를 시작하겠습니다.
"Hello,How are you?I'm fine,thank you.","Hello,How are you?I'm fine,thank you.","Hello,How are you?I'm fine,thank you.",,,,,,"Hello,How are you?I'm fine,thank you.","Hello,How are you?I'm fine,thank you."
我要开始表演了我要开始表演了,I'm gonna start. I'm gonna start.,我要开始表演了我要开始表演了,,,,,,ショーを始めるよ。,쇼를 시작할게요 쇼를 시작할게요
凶手,Murderer,凶手,,,,,,殺人者,살인자
免费换装,Free Outfit,免费换装,,,,,,無料ドレスアップ,무료 드레스업
R,R,R,,,,,,R,R
OK,OK,OK,,,,,,OK,OK
A,A,A,,,,,,A,A
兑换 奖励,Redeem Rewards,兑换 奖励,,,,,,報酬を引き換える,보상 사용
Text_Expend,Text_Expend,Text_Expend,,,,,,Text_Expend,Text_Expend
Text_VoucherExchange,Text_VoucherExchange,Text_VoucherExchange,,,,,,Text_VoucherExchange,Text_VoucherExchange
你的身份是1,Your identity is 1.,你的身份是1,,,,,,あなたのアイデンティティは 1,당신의 신분은 1
1参与对局将提升概率1,1 Participating in the match will increase the probability 1,1参与对局将提升概率1,,,,,,1ゲームに参加すると確率が1上がります,1게임에 참여하면 확률이 1씩 증가합니다.
超级特权生效中,Super Privilege is in effect.,超级特权生效中,,,,,,スーパー特権が有効です,슈퍼 특권 적용 중
Detective,Detective,Detective,,,,,,Detective,Detective
Maffia,Maffia,Maffia,,,,,,Maffia,Maffia
Civilian,Civilian,Civilian,,,,,,Civilian,Civilian
成为黑手党的概率1,Mafia Probability 1,成为黑手党的概率1,,,,,,マフィアになる確率1,마피아가 될 확률1
胜利！,Victory!,胜利！,,,,,,勝利！,승리!
失败,Failed,失败,,,,,,失敗,실패하다
You Die,You Die,You Die,,,,,,You Die,You Die
"On behalf of justice, you can't shoot randomly, attacking good people leads to your own death","On behalf of justice, you can't shoot randomly, attacking good people leads to your own death","On behalf of justice, you can't shoot randomly, attacking good people leads to your own death",,,,,,"On behalf of justice, you can't shoot randomly, attacking good people leads to your own death","On behalf of justice, you can't shoot randomly, attacking good people leads to your own death"
Text_Content_20032,Text_Content_20032,Text_Content_20032,,,,,,Text_Content_20032,Text_Content_20032
0/5,0/5,0/5,,,,,,0/5,0/5
存活经验：+{0}EXP,Survival Experience: +{0}EXP,存活经验：+{0}EXP,,,,,,生存経験: +{0}経験値,생존 경험: +{0}경험치
距离对局开始还有,until the game starts.,距离对局开始还有,,,,,,試合開始までまだ時間がある,경기 시작까지는 아직 시간이 남았다
00:00,00:00,00:00,,,,,,00:00,00:00
身份目标提示放在这里,Identity Target Prompt here,身份目标提示放在这里,,,,,,ID ターゲットのヒントはここに配置されます,ID 타겟 팁은 여기에 있습니다.
1/10,1/10,1/10,,,,,,1/10,1/10
待拾取,To be collected,待拾取,,,,,,迎えに行く,픽업 예정
你的身份是：,Your identity is:,你的身份是：,,,,,,あなたのアイデンティティは次のとおりです。,귀하의 신원은 다음과 같습니다:
警探,Detective,警探,,,,,,警探,경찰 탐정
身份目标,Identity Goal,身份目标,,,,,,アイデンティティの目標,정체성 목표
活下去,Live,活下去,,,,,,生き続ける,계속 살아
目标1,Goal 1,目标1,,,,,,目標 1,목표 1
目标2,Goal 2,目标2,,,,,,目標2,목표 2
特权生效中,Privilege is in effect.,特权生效中,,,,,,特権が有効です,권한이 적용됩니다.
PlayerName,PlayerName,PlayerName,,,,,,PlayerName,PlayerName
Text,Text,Text,,,,,,Text,Text
 消灭!, Exterminate!, 消灭!,,,,,, 一掃する！, 닦아라!
Text_Content_11001,Text_Content_11001,Text_Content_11001,,,,,,Text_Content_11001,Text_Content_11001
本轮胜利者！,Winner of this round!,本轮胜利者！,,,,,,このラウンドの勝者!,이번 라운드의 승자!
玩家A,Player A,玩家A,,,,,,プレイヤーA,플레이어 A
GM,GM,GM,,,,,,GM,GM
Button,Button,Button,,,,,,Button,Button
达拉崩吧斑得贝迪卜多比鲁翁,Let's get this party started!,达拉崩吧斑得贝迪卜多比鲁翁,,,,,,ダラ ベンバ バーデ ベディブ ドビルン,다라 벤바 베디베디브 도빌루옹
在线30分钟免费领取（30/30）,Claim for free in 30 minutes online (30/30),在线30分钟免费领取（30/30）,,,,,,オンライン30分無料（30/30）,온라인 30분 무료(30/30)
凶手专用：逐日(符文),Killer Exclusive: Daily (Runes),凶手专用：逐日(符文),,,,,,マーダーズ・スペシャル：デイ・バイ・デイ（ルーン）,살인자의 스페셜: 하루하루(룬)
免费领取,Free to claim,免费领取,,,,,,無料で入手,무료로 받으세요
明日奖励：侦探专用-黄金左轮(虹彩),Tomorrow's reward: Detective Exclusive - Gold Revolver (Rainbow),明日奖励：侦探专用-黄金左轮(虹彩),,,,,,明日の報酬：刑事スペシャル - ゴールド・リボルバー（レインボーカラー）,내일의 보상: 탐정 스페셜 - 골드 리볼버(레인보우 컬러)
Text_Content_20030,Text_Content_20030,Text_Content_20030,,,,,,Text_Content_20030,Text_Content_20030
Text_FreeCoupon,Text_FreeCoupon,Text_FreeCoupon,,,,,,Text_FreeCoupon,Text_FreeCoupon
Text_Set,Text_Set,Text_Set,,,,,,Text_Set,Text_Set
Text_ChangeClothes,Text_ChangeClothes,Text_ChangeClothes,,,,,,Text_ChangeClothes,Text_ChangeClothes
Text_Content_20052,Text_Content_20052,Text_Content_20052,,,,,,Text_Content_20052,Text_Content_20052
Text_Content_20009,Text_Content_20009,Text_Content_20009,,,,,,Text_Content_20009,Text_Content_20009
Text_Content_12018,Text_Content_12018,Text_Content_12018,,,,,,Text_Content_12018,Text_Content_12018
Text_HUD_SkillShop,Text_HUD_SkillShop,Text_HUD_SkillShop,,,,,,Text_HUD_SkillShop,Text_HUD_SkillShop
Text_Content_20003,Text_Content_20003,Text_Content_20003,,,,,,Text_Content_20003,Text_Content_20003
还原,Restore,还原,,,,,,削減,절감
Loading,Loading,Loading,,,,,,Loading,Loading
武器名字,Weapon Name,武器名字,,,,,,武器名,무기 이름
Text_Content_12024,Text_Content_12024,Text_Content_12024,,,,,,Text_Content_12024,Text_Content_12024
物品名字物品名字,Item Name Item Name,物品名字物品名字,,,,,,項目名 項目名,아이템 이름 아이템 이름
Text_Content_12019,Text_Content_12019,Text_Content_12019,,,,,,Text_Content_12019,Text_Content_12019
"武器名字
武器名字","Weapon Name
Weapon Name","武器名字
武器名字",,,,,,"武器名
武器名","무기 이름
무기 이름"
3%,3%,3%,,,,,,3%,3%
Text_Content_12025,Text_Content_12025,Text_Content_12025,,,,,,Text_Content_12025,Text_Content_12025
武器名称,Weapon Name,武器名称,,,,,,武器名,무기 이름
Text_Content_12026,Text_Content_12026,Text_Content_12026,,,,,,Text_Content_12026,Text_Content_12026
保存瞳孔瞳孔,Save Pupil,保存瞳孔瞳孔,,,,,,生徒を守る,동공 동공 보존
调颜板-上衣,Cosmetic Board - Top,调颜板-上衣,,,,,,パレット - トップス,팔레트 - 탑
部位 1,Part 1,部位 1,,,,,,部位 1,파트 1
免费,Free,免费,,,,,,無料,무료
重置平台形象,Reset Platform Avatar,重置平台形象,,,,,,プラットフォーム・イメージをリセット,플랫폼 이미지 재설정
捏脸,Face Punch,捏脸,,,,,,顔をつねる,얼굴 꼬집기
套装,Outfit,套装,,,,,,スーツ,정장
前发,Forward,前发,,,,,,前髪,앞머리
保存提示,Save Tip,保存提示,,,,,,節約術,저장 팁
试穿好友的角色形象,Try on your friend's character,试穿好友的角色形象,,,,,,親友のキャラクターを着てみる,절친의 캐릭터 이미지 입어보기
保存,Save,保存,,,,,,保存,구하다
不保存,Do not save,不保存,,,,,,保存しないでください,저장하지 않음
请选择要游玩的地图,Please select the map you want to play,请选择要游玩的地图,,,,,,プレイしたいマップを選択してください,플레이하고 싶은 맵을 선택해주세요
地图名称一,Name I,地图名称一,,,,,,マップ名 1,지도 이름 1
地图名称二,Name Two,地图名称二,,,,,,マップ名2,지도 이름 2
地图名称三,Name Three,地图名称三,,,,,,マップ名3,지도 이름 3
黑手党,Mafia,黑手党,,,,,,マフィア,마피아
VS,VS,VS,,,,,,VS,VS
Text_Content_12007,Text_Content_12007,Text_Content_12007,,,,,,Text_Content_12007,Text_Content_12007
Text_Content_12008,Text_Content_12008,Text_Content_12008,,,,,,Text_Content_12008,Text_Content_12008
杀手,Assassin,杀手,,,,,,キラー,살인자
Text_Content_12009,Text_Content_12009,Text_Content_12009,,,,,,Text_Content_12009,Text_Content_12009
消灭了3名学生,Eliminated 3 students,消灭了3名学生,,,,,,生徒3人を殺害,학생 3명 살해
Text_Content_12014,Text_Content_12014,Text_Content_12014,,,,,,Text_Content_12014,Text_Content_12014
Text_Content_12015,Text_Content_12015,Text_Content_12015,,,,,,Text_Content_12015,Text_Content_12015
Text_Content_12016,Text_Content_12016,Text_Content_12016,,,,,,Text_Content_12016,Text_Content_12016
"Your first round is over, take a look at the settlement panel","Your first round is over, take a look at the settlement panel","Your first round is over, take a look at the settlement panel",,,,,,"Your first round is over, take a look at the settlement panel","Your first round is over, take a look at the settlement panel"
Here is the final result of the game,Here is the final result of the game,Here is the final result of the game,,,,,,Here is the final result of the game,Here is the final result of the game
Here shows the two players who impacted the game most as well as their wins and losses,Here shows the two players who impacted the game most as well as their wins and losses,Here shows the two players who impacted the game most as well as their wins and losses,,,,,,Here shows the two players who impacted the game most as well as their wins and losses,Here shows the two players who impacted the game most as well as their wins and losses
Here's shows your earning in this round,Here's shows your earning in this round,Here's shows your earning in this round,,,,,,Here's shows your earning in this round,Here's shows your earning in this round
全服排行榜,Global Leaderboard,全服排行榜,,,,,,サーバー全体のランキング,서버 전체 순위
排名,Ranking,排名,,,,,,ランキング,순위
昵称,Nickname,昵称,,,,,,ニックネーム,닉네임
分数,Score,分数,,,,,,分数,분수
时长全服前500名,Top 500 Global Time Servers,时长全服前500名,,,,,,サービス全体における労働時間トップ500,전체 서비스에서 사용 시간 기준 상위 500명
总击败,Total Defeat,总击败,,,,,,トータルビート,총 비트
帅哥你谁啊帅哥你谁啊,Who are you? Who are you?,帅哥你谁啊帅哥你谁啊,,,,,,ハンサム、あなたは誰ですか? ハンサム、あなたは誰ですか?,"잘 생긴 남자, 당신은 누구입니까? 잘 생긴 남자, 당신은 누구입니까?"
背景音量：99,Background Volume: 99,背景音量：99,,,,,,バックグラウンド・ボリューム：99,백그라운드 볼륨: 99
点击生成新的角色ID,Tap to generate a new character ID,点击生成新的角色ID,,,,,,新しい役割IDの生成」をクリックする,새 역할 ID 생성을 클릭합니다.
我的角色ID-分享好友试穿,My Character ID - Share Friend Try On,我的角色ID-分享好友试穿,,,,,,マイキャラID - 友達とシェアして試着しよう！,내 캐릭터 ID - 친구들과 공유하여 입어 보세요!
1026MJK0,1026MJK0,1026MJK0,,,,,,1026MJK0,1026MJK0
Free Try On,Free Try On,Free Try On,,,,,,Free Try On,Free Try On
抽奖获得,Won by Lottery,抽奖获得,,,,,,抽選で当たりました,복권으로 당첨됨
Text_Content_20019,Text_Content_20019,Text_Content_20019,,,,,,Text_Content_20019,Text_Content_20019
Text_Content_20020,Text_Content_20020,Text_Content_20020,,,,,,Text_Content_20020,Text_Content_20020
Text_Content_20014,Text_Content_20014,Text_Content_20014,,,,,,Text_Content_20014,Text_Content_20014
Text_Content_20029,Text_Content_20029,Text_Content_20029,,,,,,Text_Content_20029,Text_Content_20029
Text_Content_20013,Text_Content_20013,Text_Content_20013,,,,,,Text_Content_20013,Text_Content_20013
Text_Content_20012,Text_Content_20012,Text_Content_20012,,,,,,Text_Content_20012,Text_Content_20012
Text_Shop_Skin,Text_Shop_Skin,Text_Shop_Skin,,,,,,Text_Shop_Skin,Text_Shop_Skin
Text_Content_20015,Text_Content_20015,Text_Content_20015,,,,,,Text_Content_20015,Text_Content_20015
Text_Content_20016,Text_Content_20016,Text_Content_20016,,,,,,Text_Content_20016,Text_Content_20016
Text_Content_20017,Text_Content_20017,Text_Content_20017,,,,,,Text_Content_20017,Text_Content_20017
Text_Content_20018,Text_Content_20018,Text_Content_20018,,,,,,Text_Content_20018,Text_Content_20018
Text_Content_20021,Text_Content_20021,Text_Content_20021,,,,,,Text_Content_20021,Text_Content_20021
Text_Content_20022,Text_Content_20022,Text_Content_20022,,,,,,Text_Content_20022,Text_Content_20022
Text_Content_20023,Text_Content_20023,Text_Content_20023,,,,,,Text_Content_20023,Text_Content_20023
Text_Content_20024,Text_Content_20024,Text_Content_20024,,,,,,Text_Content_20024,Text_Content_20024
Text_Content_12028,Text_Content_12028,Text_Content_12028,,,,,,Text_Content_12028,Text_Content_12028
装备,Equipment,装备,,,,,,装置,장비
Text_Content_12034,Text_Content_12034,Text_Content_12034,,,,,,Text_Content_12034,Text_Content_12034
Text_Content_12033,Text_Content_12033,Text_Content_12033,,,,,,Text_Content_12033,Text_Content_12033
能力名称,Ability Name,能力名称,,,,,,アビリティ名,능력 이름
详情描述,Details,详情描述,,,,,,詳細な説明,자세한 설명
Text_Content_12031,Text_Content_12031,Text_Content_12031,,,,,,Text_Content_12031,Text_Content_12031
Text_Content_12032,Text_Content_12032,Text_Content_12032,,,,,,Text_Content_12032,Text_Content_12032
Text_KillerPowerAssembly,Text_KillerPowerAssembly,Text_KillerPowerAssembly,,,,,,Text_KillerPowerAssembly,Text_KillerPowerAssembly
你是哪个你是哪个你是哪个,Which one are you? Which one are you?,你是哪个你是哪个你是哪个,,,,,,あなたはどっち？,당신은 어느 쪽입니까? 당신은 어느 쪽입니까? 당신은 어느 쪽입니까?
Text_Ranking,Text_Ranking,Text_Ranking,,,,,,Text_Ranking,Text_Ranking
"apiData.apiValue数据长度异常,${JSON.stringify(apiData)}","apiData.apiValue data length abnormal, ${JSON.stringify(apiData)}","apiData.apiValue数据长度异常,${JSON.stringify(apiData)}",,,,,,apiData.apiValue データ長が異常です。${JSON.stringify(apiData)},apiData.apiValue 데이터 길이가 비정상적입니다. ${JSON.stringify(apiData)}
"颜色换算大于八位,${color}","Color conversion greater than 8 characters, ${color}","颜色换算大于八位,${color}",,,,,,カラー変換が 8 桁を超える場合、${color},"색상 변환이 8자리보다 큼, ${color}"
爱玩游戏的小胖子,Game-playing little fat guy.,爱玩游戏的小胖子,,,,,,ゲームが大好きなデブ男,게임을 좋아하는 뚱뚱한 남자
测试弹幕,Test Bomb,测试弹幕,,,,,,テストポップアップ,팝업 테스트
Hot-热门,Hot - Popular,Hot-热门,,,,,,ホットホット,Hot-Hot
Wing-翅膀,Wing - Wing,Wing-翅膀,,,,,,ウィング,Wing
Prop-道具,Prop - Item,Prop-道具,,,,,,プロップ,소품-소품
Food-食品,Food - Food,Food-食品,,,,,,Food-食品,식품 - 식료품
Other-烟花,Other - Fireworks,Other-烟花,,,,,,その他-花火,기타-불꽃놀이
改变背景音效,Change Background Sound Effect,改变背景音效,,,,,,背景音の変更,배경 사운드 변경하기
增加金币,Increase Coins,增加金币,,,,,,金貨を増やす,금화 증가
增加钻石,Increase Diamonds,增加钻石,,,,,,ダイヤモンドを追加する,다이아몬드 추가
增加游戏内的金币10,Increase in-game coins by 10,增加游戏内的金币10,,,,,,ゲーム内ゴールドコインを10枚増やす,게임 내 금화를 10 늘립니다.
下次抽奖保底,Guaranteed Draw,下次抽奖保底,,,,,,次回の抽選が保証されます,다음 추첨 보장
增加广告券,Increase Voucher,增加广告券,,,,,,広告クーポンを追加する,광고 쿠폰 추가
修改大厅时间,Modify Lobby Time,修改大厅时间,,,,,,ロビー時間を変更する,로비 시간 수정
技能体验券+10,Skill Voucher +10,技能体验券+10,,,,,,スキル経験値クーポン+10,스킬 경험치 쿠폰 +10
切换热武器，对局内使用,Switch hot weapons for in-game use,切换热武器，对局内使用,,,,,,人気の武器を切り替えてゲームで使用してください,뜨거운 무기를 바꿔서 게임에서 사용하세요
背景音乐大小：${(this.mProgressBar.currentValue * 100).toFixed(0)},Background Music Size: ${(this.mProgressBar.currentValue * 100).toFixed(0)},背景音乐大小：${(this.mProgressBar.currentValue * 100).toFixed(0)},,,,,,バックグランドミュージックのサイズ: ${(this.mProgressBar.currentValue * 100).toFixed(0)},배경 음악 크기: ${(this.mProgressBar.currentValue * 100).toFixed(0)}
背景音乐大小：${(v * 100).toFixed(0)},Background Music Size: ${(v * 100).toFixed(0)},背景音乐大小：${(v * 100).toFixed(0)},,,,,,バックグランドミュージックのサイズ: ${(v * 100).toFixed(0)},배경 음악 크기: ${(v * 100).toFixed(0)}
世界UI,World,世界UI,,,,,,世界UI,월드 UI
蹦床,Trampoline,蹦床,,,,,,トランポリン,트램펄린
Double-双人,Double - Double,Double-双人,,,,,,ダブル・ダブル,더블-더블
Social-社交,Social-Social,Social-社交,,,,,,ソーシャル-ソーシャル,소셜-소셜
Dance-舞蹈,Dance - Dance,Dance-舞蹈,,,,,,ダンス,댄스 - 댄스
Pose-拍照,Pose - Photo,Pose-拍照,,,,,,ポーズ写真,포즈-사진
Other-其他,Other - Other,Other-其他,,,,,,その他 - その他,기타 - 기타
托举,Lift,托举,,,,,,持ち上げる,리프팅
肩抗,Shoulder Resistance,肩抗,,,,,,肩の抵抗,어깨 저항
拖,Drag,拖,,,,,,ドラッグ,견인
公主抱,Princess Carry,公主抱,,,,,,お姫様抱っこ,공주 포옹
背,Carry,背,,,,,,背,뒤쪽에
拉丁,Latin,拉丁,,,,,,ラテン,라틴어
现代03,Modern 03,现代03,,,,,,モダン03,현대 03
爵士,Sir,爵士,,,,,,爵士,재즈
现代02,Modern 02,现代02,,,,,,モダン02,현대 02
告别,Bid farewell,告别,,,,,,別れを告げる,작별 인사를 하다
鼓掌,Applause,鼓掌,,,,,,拍手する,박수를 보내다
行礼,Salute,行礼,,,,,,敬礼,경례
喝彩,Cheers,喝彩,,,,,,乾杯,건배
欢呼,Cheers,欢呼,,,,,,乾杯,환호
加油,Come On,加油,,,,,,来て,어서 해봐요
开心跺脚,Happy Stomp,开心跺脚,,,,,,楽しそうに足を踏み鳴らしている,즐겁게 발을 구르며
高举击掌,High Five,高举击掌,,,,,,ハイタッチ,하이파이브
耍帅,Play Cool,耍帅,,,,,,クールに振る舞う,쿨하게 행동해
后空翻,Backflip,后空翻,,,,,,バックフリップ,공중제비
拒绝,Reject,拒绝,,,,,,拒否する,거부하다
不服气,Unconvinced,不服气,,,,,,納得できない,확신하지 못함
挑衅,Provocation,挑衅,,,,,,挑発的な,성나게 하는
嘲讽,Taunt,嘲讽,,,,,,嘲笑する,조소
出拳,Punch,出拳,,,,,,パンチ,펀치
大脚踹,Big Tread,大脚踹,,,,,,ビッグキック,큰 킥
鞠躬,Bow,鞠躬,,,,,,弓,절하다
跪拜,Kneel Down,跪拜,,,,,,お辞儀をする,절하다
俯首跪姿,Kneel Down,俯首跪姿,,,,,,お辞儀とひざまずく,절하고 무릎을 꿇고
害羞捂脸,Shy Face,害羞捂脸,,,,,,恥ずかしくて顔を覆う,부끄러워서 얼굴을 가린 채
比心,Heart Pose,比心,,,,,,比較,비교
飞吻,Kiss,飞吻,,,,,,投げキッスをする,키스를 날리다
亲吻,Kiss,亲吻,,,,,,キス,키스
牵手吻,Hold Hands,牵手吻,,,,,,手を繋いでキスをする,손을 잡고 키스하는 모습
单膝跪地,Get down on one knee.,单膝跪地,,,,,,片膝をつきます,한쪽 무릎을 꿇고
生气,Angry,生气,,,,,,怒り,화난
失望,Disappointed,失望,,,,,,失望,실망
哭泣,Weeping,哭泣,,,,,,泣く,울다
科目三,Topic Three,科目三,,,,,,科目三,주제 3
霹雳舞,Breakdance,霹雳舞,,,,,,ブレイクダンス,브레이크 댄스
一分一秒,"Minute, Minute, Second",一分一秒,,,,,,一分一秒,1분 1초
外星人,Alien,外星人,,,,,,エイリアン,외계인
恋爱,In Love,恋爱,,,,,,恋愛中,사랑에 빠졌다
小熊跳舞,Bear Dances,小熊跳舞,,,,,,踊るクマ,춤추는 곰
爱杀宝贝,Love to Kill,爱杀宝贝,,,,,,赤ちゃんを殺すのが大好き,아기를 죽이고 싶어
怦然心动,Radiant Heart,怦然心动,,,,,,鼓動する心臓,뛰는 심장
今天我们开始,We start today.,今天我们开始,,,,,,今日から始めます,오늘 우리는 시작합니다
和我交往吗,Are you going out with me?,和我交往吗,,,,,,私とデートしてくれませんか？,나랑 데이트할래?
天鹅舞,Swan Dance,天鹅舞,,,,,,白鳥の踊り,백조의 춤
海草舞,Seaweed Dance,海草舞,,,,,,海藻ダンス,해초 댄스
招呼舞,Greeting Dance,招呼舞,,,,,,挨拶ダンス,인사 댄스
街舞,Hiphop,街舞,,,,,,ヒップホップ,힙합
海盗,Pirate,海盗,,,,,,海賊,해적
鲤鱼,Koi,鲤鱼,,,,,,鯉,잉어
拉丁舞,Latin,拉丁舞,,,,,,ラテンダンス,라틴 댄스
鬼步舞,Ghost Step,鬼步舞,,,,,,ゴーストダンス,유령춤
没有明天,No tomorrow,没有明天,,,,,,明日はない,내일은 안돼
电流舞,Electric Dance,电流舞,,,,,,エレクトリックダンス,일렉트릭 댄스
告别记忆,Farewell Memory,告别记忆,,,,,,思い出に別れを告げる,기억과의 작별
醉酒的蝴蝶,Butterfly,醉酒的蝴蝶,,,,,,酔った蝶,취한 나비
舞蹈01,Dance 01,舞蹈01,,,,,,ダンス01,댄스 01
小熊跳舞01,Bear Dance 01,小熊跳舞01,,,,,,ダンシング・ベア 01,춤추는 곰 01
魔法城堡01,Magic Castle 01,魔法城堡01,,,,,,マジック・キャッスル 01,마법의 성 01
魔法城堡02,Magic Castle 02,魔法城堡02,,,,,,マジック・キャッスル 02,마법의 성 02
魔法城堡03,Magic Castle 03,魔法城堡03,,,,,,マジック・キャッスル 03,마법의 성 03
极乐净土,Blissful Land,极乐净土,,,,,,極楽浄土,순수한 행복의 땅
自由之轮,Wheel of Freedom,自由之轮,,,,,,フリーダムホイール,자유의 바퀴
Full Video（女）,Full Video (Female),Full Video（女）,,,,,,Full Video（女）,전체영상(여)
Full Video（男）,Full Video (Male),Full Video（男）,,,,,,Full Video（男）,풀영상(남)
Permission（女3）,Permission (Female 3),Permission（女3）,,,,,,Permission（女3）,허가 (여성 3)
Permission（男1）,Permission (Male 1),Permission（男1）,,,,,,Permission（男1）,허가 (남성 1)
Permission（女1）,Permission (Female 1),Permission（女1）,,,,,,Permission（女1）,허가 (여성 1)
Permission（女2）,Permission (Female 2),Permission（女2）,,,,,,Permission（女2）,허가 (여성 2)
How You Like That（女）,How You Like That (Female),How You Like That（女）,,,,,,How You Like That（女）,How You Like That(여)
How You Like That（男）,How You Like That (Male),How You Like That（男）,,,,,,How You Like That（男）,How You Like That(남성)
扭胯,Twist,扭胯,,,,,,腰をひねる,엉덩이를 비틀어보세요
欢迎你来,Welcome!,欢迎你来,,,,,,ようこそ,환영합니다
摇曳舞,Sway Dance,摇曳舞,,,,,,スイングダンス,스윙댄스
桃源恋歌,Peach Love,桃源恋歌,,,,,,桃園ラブソング,복숭아 정원 사랑 노래
螃蟹舞,Crab Dance,螃蟹舞,,,,,,カニダンス,게춤
抖肩舞,Shoulder Dance,抖肩舞,,,,,,肩を振るダンス,어깨 흔들기 댄스
扮兔子,Play Bunny,扮兔子,,,,,,ウサギのふりをする,토끼인 척
双手触地,Hand Touch,双手触地,,,,,,地面に触れる手,땅에 닿는 손
单手摆,Solo Pendulum,单手摆,,,,,,片手スイング,한 손으로 스윙
女性站立,Woman Standing,女性站立,,,,,,立っている女性,여성 서
男性站立,Stand Still,男性站立,,,,,,立っている男性,남성 서
握拳举起,Raise Your Fist,握拳举起,,,,,,拳を握り上げて,주먹을 쥐고 올려보세요
握拳摆,Swing,握拳摆,,,,,,握りこぶし,꽉 쥔 주먹
托腮,Chest,托腮,,,,,,あごサポート,턱 지지대
比耶,Victory,比耶,,,,,,ビー,비
比造型,Pattern,比造型,,,,,,形よりも,모양보다
扶头耍帅,Handsome,扶头耍帅,,,,,,頭を抱えてクールに見える,머리를 잡고 멋있어 보이세요
撑下巴,Chin Support,撑下巴,,,,,,あごをサポート,턱을 받쳐주세요
掩面,Hide,掩面,,,,,,掩面,얼굴을 숨기는 것
叉腰,Fold Waist,叉腰,,,,,,アキンボ,아킴보
撑头,Prop Up,撑头,,,,,,サポートヘッド,지지대
握拳,Swing,握拳,,,,,,拳を作る,주먹을 쥐다
侧身,Side-to-side,侧身,,,,,,横向き,샛길
眺望,Looking Out,眺望,,,,,,眺望,간과하다
抓手腕,Wristgrab,抓手腕,,,,,,手首を掴む,손목을 잡는다
双手握拳,Fist clenched,双手握拳,,,,,,両手で拳を作ります,양손으로 주먹을 쥐다
双手交叉,Hands Crossed,双手交叉,,,,,,手を組んだ,손을 교차
单脚立地,Stand on One Foot,单脚立地,,,,,,片足で立つ,한 발로 서다
鬼脸,Ghostface,鬼脸,,,,,,鬼脸,얼굴을 찡그리다
单手抱头,Arms Crossed,单手抱头,,,,,,片手で頭を押さえる,한 손으로 머리를 잡고
蹲姿,Squat,蹲姿,,,,,,しゃがんだ姿勢,쪼그리고 앉는 자세
双手合十,Hands Together,双手合十,,,,,,手を合わせて,두 손을 모아
模仿飞天,Imitation,模仿飞天,,,,,,フェイティアンの真似,Feitian의 모방
伸腿摸头,Stretch My Legs,伸腿摸头,,,,,,足を伸ばして頭を触ってください,다리를 쭉 뻗고 머리를 만져보세요
鬼畜,Weird beast,鬼畜,,,,,,鬼畜,유령 짐승
坐姿单腿伸出,Sit with one leg out.,坐姿单腿伸出,,,,,,片足を伸ばして座る,한쪽 다리를 쭉 뻗고 앉아 있는 모습
单手张开,Open Hand,单手张开,,,,,,片手を開いて,한 손으로 벌려
单手叉腰,Cross Waist,单手叉腰,,,,,,片手を腰に当てる,한 손은 엉덩이에
顶肩,Top Shoulders,顶肩,,,,,,トップショルダー,상단 어깨
半蹲张手,Half-Squat Arms Open,半蹲张手,,,,,,両手を開いて半分スクワット,양손을 벌리고 하프 스쿼트
半躺抱头,Lie Half-Back,半躺抱头,,,,,,頭を手に持って半分横たわっている,반쯤 누워서 머리를 손에 쥐고
单手匝地,Solo Turnpike,单手匝地,,,,,,片手ラップ,한손 랩
双手比耶,Duo Victory,双手比耶,,,,,,手ビエ,손 비예
单脚站立,Stand on One Leg,单脚站立,,,,,,片足で立つ,한쪽 다리로 서다
双手合并,Hands Combined,双手合并,,,,,,手を合わせる,손 병합
半躺撑着,Lie Half-Up,半躺撑着,,,,,,半分横になった状態,반쯤 누워서
站姿双手,Stand Pose,站姿双手,,,,,,立ち手,서있는 손
双手抱头,Arms Crossed,双手抱头,,,,,,手で頭を押さえる,손으로 머리를 잡고
屈腿坐姿,Sit Bended,屈腿坐姿,,,,,,足を曲げて座る,다리를 구부린 채 앉아 있는 모습
摆照型,Pose,摆照型,,,,,,ポーズタイプ,포즈 유형
双手托脸,Hand Facelift,双手托脸,,,,,,手で顔,손으로 얼굴을 대다
半躺摸下巴,Half-lying and touching my chin,半躺摸下巴,,,,,,半分横になってあごを触っている,반쯤 누워서 턱 만지기
单脚抬起,Lift on One Leg,单脚抬起,,,,,,片足を上げます,한쪽 다리 들어올리기
比心左,Heart L,比心左,,,,,,ビシン,빅신
比心右,Heart R,比心右,,,,,,心の権利,마음의 오른쪽
骑马舞,Riding Dance,骑马舞,,,,,,馬の踊り,말춤
学鸟走,Learn Bird Walk,学鸟走,,,,,,鳥のように歩くことを学ぶ,새처럼 걷는 법을 배우세요
旋转01,Spin 01,旋转01,,,,,,ローテーション 01,회전 01
旋转02,Spin 02,旋转02,,,,,,回転 02,회전 02
旋转03,Spin 03,旋转03,,,,,,回転 03,회전 03
旋转04,Rotate 04,旋转04,,,,,,回転 04,회전 04
旋转05,Spin 05,旋转05,,,,,,回転 05,회전 05
旋转06,Rotate 06,旋转06,,,,,,回転06,회전 06
旋转07,Spin 07,旋转07,,,,,,ロータリー 07,로타리 07
跳舞,Dance,跳舞,,,,,,ダンス,춤
歌舞,Sing and Dance,歌舞,,,,,,歌と踊り,노래와 춤
翻滚,Roll,翻滚,,,,,,ロール,연타
冲刺,Sprint,冲刺,,,,,,スプリント,스프린트
滑翔,Glider,滑翔,,,,,,滑空,활공
空中蹬腿,Air Stomp,空中蹬腿,,,,,,エアキック,에어킥
下蹲行走,Squat Walk,下蹲行走,,,,,,スクワットウォーキング,스쿼트 걷기
水中,In Water,水中,,,,,,水中,물 속에서
飞行,Fly,飞行,,,,,,フライト,비행
丧尸行,Zombie Row,丧尸行,,,,,,歩くゾンビ,걷는 좀비
仰卧起坐,Sit-ups,仰卧起坐,,,,,,腹筋運動,윗몸 일으키기
转圈,Spin,转圈,,,,,,ぐるぐる回る,원을 그리며 회전하다
鸭子坐,Duck Sit,鸭子坐,,,,,,座っているアヒル,오리 앉아
抱膝坐,Sit on Knee,抱膝坐,,,,,,膝を曲げて座る,무릎을 접고 앉기
躺下,Lie Down,躺下,,,,,,横になる,누워
趴下,Get down,趴下,,,,,,降りてください,내려와
爬行,Crawl,爬行,,,,,,クロール,기다
黑手党视野范围,Mafia Vision,黑手党视野范围,,,,,,マフィアの視界範囲,마피아 비전 범위
黑手党静止,Mafia Stillness,黑手党静止,,,,,,マフィアはまだ,마피아는 아직도
黑手党亮刀,Mafia Blade,黑手党亮刀,,,,,,マフィアナイフ,마피아 칼
黑手党追击时间,Mafia Chase Time,黑手党追击时间,,,,,,マフィアの追跡時間,마피아 추격 시간
黑手党攻击命中率,Mafia Attack Hit Rate,黑手党攻击命中率,,,,,,マフィアの攻撃命中率,마피아 공격 적중률
警探英雄视野范围,Detective Hero Vision,警探英雄视野范围,,,,,,探偵ヒーローの視界範囲,탐정 영웅 비전 범위
警探英雄静止,Detective Hero Still,警探英雄静止,,,,,,警察の刑事ヒーロー スティル,경찰탐정히어로 스틸
警探英雄亮枪,Detective Hero Light Gun,警探英雄亮枪,,,,,,警察の刑事ヒーローが銃を披露,경찰 탐정 영웅이 총을 과시합니다.
周围有黑手党时=1,= 1 when Mafia is around,周围有黑手党时=1,,,,,,周囲にマフィアがいる場合=1,주변에 마피아가 있을 때=1
警探英雄追击时间,Detective Hero Chase Time,警探英雄追击时间,,,,,,警察探偵ヒーロー チェイスタイム,경찰 탐정 영웅 체이스 타임
也是开枪的持续时间,The duration of the shooting.,也是开枪的持续时间,,,,,,撮影期間でもあります,촬영시간이기도 하고
警探英雄向不明身份玩家开枪概率,Detective Hero fires at unidentified player,警探英雄向不明身份玩家开枪概率,,,,,,探偵ヒーローが未知のプレイヤーに発砲する確率,탐정 영웅이 정체불명의 플레이어에게 총격을 가할 확률
对亮刀的黑手党会百分百持续射击,The Mafia that shines its sword will keep shooting 100%.,对亮刀的黑手党会百分百持续射击,,,,,,マフィアはナイフを振り回すときは100%撃ち続けるだろう。,마피아는 칼을 휘두르는 순간 100% 계속해서 총을 쏘게 됩니다.
警探开枪率,Detective Rate,警探开枪率,,,,,,刑事の発砲率,탐정촬영률
警探开枪距离范围,Detective's shooting range.,警探开枪距离范围,,,,,,探偵の射撃場,탐정의 사격장
平民视野范围,Civilian Vision,平民视野范围,,,,,,民間人の視界範囲,민간인 시야 범위
平民静止,Civilian Still,平民静止,,,,,,民間人,민간인 고정
平民跟随警探,Civilian Follow Detective,平民跟随警探,,,,,,民間人が刑事を追う,민간인이 형사를 따라간다
平民拾取掉落武器概率,Civilians pick up dropped weapon probability,平民拾取掉落武器概率,,,,,,民間人が投下した武器の確率,민간인이 무기를 떨어뜨릴 확률
拾取武器概率、拾取能量球概率、进入下一随机点概率，和为1,"The sum of the probability of picking up a weapon, the probability of picking up an energy ball, and the probability of entering the next random point is 1.",拾取武器概率、拾取能量球概率、进入下一随机点概率，和为1,,,,,,武器を拾う確率、エネルギーボールを拾う確率、次のランダムポイントに入る確率の合計は 1,"무기를 집어들 확률, 에너지볼을 집어들 확률, 다음 랜덤지점에 진입할 확률의 합은 1이 됩니다."
平民拾取能量球概率,Civilians picking up energy ball probability,平民拾取能量球概率,,,,,,民間人がエネルギーボールを拾う確率,민간인이 에너지볼을 집어들 확률
平民进入下一个随机点概率,Civilian probability of entering the next random point,平民进入下一个随机点概率,,,,,,民間人が次のランダムなポイントに入る確率,다음 무작위 지점에 민간인이 들어갈 확률
AI名称1,AI Name 1,AI名称1,,,,,,AI名称1,AI 이름 1
AI名称2,AI Name 2,AI名称2,,,,,,AI名称2,AI 이름 2
AI名称3,AI Name 3,AI名称3,,,,,,AI名称3,AI 이름 3
AI名称4,AI Name 4,AI名称4,,,,,,AI名称4,AI 이름 4
AI名称5,AI Name 5,AI名称5,,,,,,AI名称5,AI 이름 5
AI名称6,AI Name6,AI名称6,,,,,,AI名称6,AI 이름 6
AI名称7,AI Name 7,AI名称7,,,,,,AI名称7,AI 이름 7
AI名称8,AI Name 8,AI名称8,,,,,,AI名称8,AI 이름 8
AI名称9,AI Name 9,AI名称9,,,,,,AI名称9,AI 이름 9
AI名称10,AI Name10,AI名称10,,,,,,AI名称10,AI 이름 10
AI名称11,AI Name 11,AI名称11,,,,,,AI名称11,AI 이름 11
紫袍皇妃,Purple Princess,紫袍皇妃,,,,,,紫のローブの王女,보라색 가운 공주
黄袍皇妃,Yellow-Robed Princess,黄袍皇妃,,,,,,黄色いローブの王女,노란 가운 공주
柔弱少女,Soft Girl,柔弱少女,,,,,,弱い女の子,약한 여자
旗袍,Qipao,旗袍,,,,,,チャイナドレス,치파오
冰雪少女服饰,Snow Girl,冰雪少女服饰,,,,,,氷の女の子のコスチューム,아이스걸 코스튬
短款汉服襦裙,Short Chinese Dress,短款汉服襦裙,,,,,,短い韓服 襦袢,짧은 한복 襦襦墓墓
西域舞蹈服饰,Western Dance Outfit,西域舞蹈服饰,,,,,,西洋のダンス衣装,서양 무용 의상
对襟襦裙,Skirt,对襟襦裙,,,,,,ダブルブレストスカート,더블 브레스티드 스커트
汉服襦裙,Chinese Dress,汉服襦裙,,,,,,漢服スカート,한푸 스커트
民族服饰,folk dress,民族服饰,,,,,,民族衣装,민속 드레스
古风大唐袖衫,Ancient Tang Shirt,古风大唐袖衫,,,,,,古代スタイルの唐袖シャツ,고대 스타일 당나라 소매 셔츠
古装潮流女,Antique Stylish Girl,古装潮流女,,,,,,女性のおしゃれな衣装,여성의 유행 의상
汉服男套装,Han Suit,汉服男套装,,,,,,漢服のメンズスーツ,한복 남성복
作战服,Combat Uniform,作战服,,,,,,戦闘服,전투복
汉服长袍,Chinese Robe,汉服长袍,,,,,,漢服のローブ,한푸 가운
清代官服,Qing Dynasty Official Clothing,清代官服,,,,,,清朝の公式服,청나라 관복
刺绣古装男,Embroidered Outfit,刺绣古装男,,,,,,メンズ刺繍衣装,남자 자수 의상
古风长发书生,Ancient Long-haired Scholar,古风长发书生,,,,,,古代風の長い髪の学者,고대 스타일의 장발 학자
盔甲套装男,Armor Suit,盔甲套装男,,,,,,男性の鎧スーツ,남자 갑옷 한 벌
富家子弟,Rich Boy,富家子弟,,,,,,金持ちの子供,부자 아이
黑衣侠客,Dark Knight,黑衣侠客,,,,,,黒騎士,흑기사
古代将军,Ancient General,古代将军,,,,,,古代の将軍,고대 장군
白衣军师,White Master,白衣军师,,,,,,白の軍事顧問,흰색 군사 고문
古代诗人,Ancient Poet,古代诗人,,,,,,古代の詩人,고대 시인
按钮通用音效,Button Sound,按钮通用音效,,,,,,ボタンの一般的な効果音,버튼 일반 음향 효과
随机身份的咔哒声,Random identity clicks.,随机身份的咔哒声,,,,,,ランダムなアイデンティティのクリック,임의의 ID 클릭
选中身份的强调音,Selected identity accent,选中身份的强调音,,,,,,選ばれたアイデンティティのアクセント,선택한 아이덴티티의 악센트
换弹音效,Playback Sound,换弹音效,,,,,,リロード効果音,사운드 효과 다시 로드
10001菜刀攻击音效,10001 Kitchen Knife Attack Sound,10001菜刀攻击音效,,,,,,10001 包丁攻撃効果音,10001 식칼 공격 음향 효과
20001手枪攻击音效,20001 Pistol Attack Sound,20001手枪攻击音效,,,,,,20001 ピストル攻撃の効果音,20001 권총 공격 음향 효과
10001菜刀\\20001手枪命中音效,10001 Kitchen Knife \\20001 Pistol Hit Sound,10001菜刀\\20001手枪命中音效,,,,,,10001 包丁\\20001 ピストルの打撃音,10001 식칼\\20001 권총 명중 음향 효과
死亡人声,Death Vocals,死亡人声,,,,,,デスボーカル,데스 보컬
吃金币,Eat Coins,吃金币,,,,,,金貨を食べる,금화를 먹어라
死亡心跳声,Death Beat,死亡心跳声,,,,,,死の鼓動,죽음의 심장박동
金币袋满声,The coin bag is full.,金币袋满声,,,,,,金貨がいっぱい入った袋,금화가 가득한 가방
获得能量球,Obtain Orbs,获得能量球,,,,,,エナジーボールを入手,에너지볼 획득
挥刀备用音,Swing Backup,挥刀备用音,,,,,,ナイフスイングのバックアップ音,칼스윙 백업음
局外BGM,Outside BGM,局外BGM,,,,,,アウトサイダーBGM,아웃사이더 BGM
10002攻击音效,10002 Attack Sound,10002攻击音效,,,,,,10002 攻撃効果音,10002 공격 음향 효과
10003攻击音效,10003 Attack Sound,10003攻击音效,,,,,,10003 攻撃効果音,10003 공격 음향 효과
20002攻击音效,20002 Attack Sound,20002攻击音效,,,,,,20002 攻撃効果音,20002 공격 음향 효과
20003攻击音效,20003 Attack Sound,20003攻击音效,,,,,,20003 攻撃効果音,20003 공격 음향 효과
角色形象1,Character Image 1,角色形象1,,,,,,キャラクター画像1,캐릭터 이미지 1
角色：11000,"Role: 11,000",角色：11000,,,,,,役割: 11000,역할: 11000
角色形象2,Character Image 2,角色形象2,,,,,,キャラクターイメージ2,캐릭터 이미지 2
角色形象3,Character Image 3,角色形象3,,,,,,キャラクターイメージ3,캐릭터 이미지 3
角色形象4,Character Image 4,角色形象4,,,,,,キャラクターイメージ4,캐릭터 이미지 4
角色头像1,Character Avatar 1,角色头像1,,,,,,キャラクターアバター1,캐릭터 아바타 1
角色头像2,Character Avatar 2,角色头像2,,,,,,キャラクターアバター2,캐릭터 아바타 2
角色头像3,Character Avatar 3,角色头像3,,,,,,キャラクターアバター3,캐릭터 아바타 3
角色头像4,Character Avatar 4,角色头像4,,,,,,キャラクターアバター4,캐릭터 아바타 4
樱校角色头像1,Sakura School Character Avatar 1,樱校角色头像1,,,,,,さくら学園キャラクターアバター1,사쿠라 학교 캐릭터 아바타 1
樱校角色头像2,Sakura School Character Avatar 2,樱校角色头像2,,,,,,さくら学園キャラクターアバター2,사쿠라 학교 캐릭터 아바타 2
樱校角色头像3,Sakura School Character Avatar 3,樱校角色头像3,,,,,,さくら学園キャラクターアバター3,사쿠라 학교 캐릭터 아바타 3
樱校角色头像4,Sakura School Character Avatar 4,樱校角色头像4,,,,,,さくら学園キャラクターアバター4,사쿠라 학교 캐릭터 아바타 4
樱校角色形象1,Sakura School Character Image 1,樱校角色形象1,,,,,,さくら学園キャラクター画像1,사쿠라 학교 캐릭터 이미지 1
樱校角色形象2,Sakura School Character Image 2,樱校角色形象2,,,,,,さくら学園キャラクター画像2,사쿠라 학교 캐릭터 이미지 2
樱校角色形象3,Sakura School Character Image 3,樱校角色形象3,,,,,,さくら学園キャラクター画像3,사쿠라 학교 캐릭터 이미지 3
樱校角色形象4,Sakura School Character Image 4,樱校角色形象4,,,,,,さくら学園キャラクター画像4,사쿠라 학교 캐릭터 이미지 4
武器图标1,Weapon Icon 1,武器图标1,,,,,,武器アイコン1,무기 아이콘 1
武器：11100,Weapon: 11100,武器：11100,,,,,,武器：11100,무기: 11100
商店武器1,Shop Weapon 1,商店武器1,,,,,,武器を買う 1,무기 쇼핑 1
商店武器2,Shop Weapon 2,商店武器2,,,,,,武器を購入する 2,무기 쇼핑 2
商店武器3,Shop Weapon 3,商店武器3,,,,,,武器を買う 3,무기 쇼핑 3
商店武器4,Shop Weapon 4,商店武器4,,,,,,武器を購入する 4,무기 쇼핑 4
身份：11200,Role: 11200,身份：11200,,,,,,アイデンティティ: 11200,신원: 11200
平民,Civilian,平民,,,,,,民間人,일반 민간인
英雄,Hero,英雄,,,,,,ヒーロー,영웅
角色头像5,Character Avatar 5,角色头像5,,,,,,キャラクターアバター5,캐릭터 아바타 5
角色头像6,Character Avatar 6,角色头像6,,,,,,キャラクターアバター6,캐릭터 아바타 6
角色头像7,Character Avatar 7,角色头像7,,,,,,キャラクターアバター7,캐릭터 아바타 7
角色头像8,Character Avatar 8,角色头像8,,,,,,キャラクターアバター8,캐릭터 아바타 8
角色形象5,Character Image 5,角色形象5,,,,,,キャラクターイメージ5,캐릭터 이미지 5
角色形象6,Character Image 6,角色形象6,,,,,,キャラクターイメージ6,캐릭터 이미지 6
角色形象7,Character Image 7,角色形象7,,,,,,キャラクターイメージ7,캐릭터 이미지 7
角色形象8,Character Image 8,角色形象8,,,,,,キャラクターイメージ8,캐릭터 이미지 8
角色头像9,Character Avatar 9,角色头像9,,,,,,キャラクターアバター9,캐릭터 아바타 9
角色头像10,Character Avatar 10,角色头像10,,,,,,キャラクターアバター10,캐릭터 아바타 10
角色头像11,Character Avatar 11,角色头像11,,,,,,キャラクターアバター11,캐릭터 아바타 11
角色头像12,Character Avatar 12,角色头像12,,,,,,キャラクターアバター12,캐릭터 아바타 12
角色头像13,Character Avatar 13,角色头像13,,,,,,キャラクターアバター13,캐릭터 아바타 13
角色头像14,Character Avatar 14,角色头像14,,,,,,キャラクターアバター14,캐릭터 아바타 14
角色形象9,Character Image 9,角色形象9,,,,,,キャラクターイメージ9,캐릭터 이미지 9
角色形象10,Character Image10,角色形象10,,,,,,キャラクターイメージ10,캐릭터 이미지 10
角色形象11,Character Image 11,角色形象11,,,,,,キャラクターイメージ11,캐릭터 이미지 11
角色形象12,Character Image 12,角色形象12,,,,,,キャラクターイメージ12,캐릭터 이미지 12
角色形象13,Character Image 13,角色形象13,,,,,,キャラクターイメージ13,캐릭터 이미지 13
角色形象14,Character Image 14,角色形象14,,,,,,キャラクターイメージ14,캐릭터 이미지 14
商店特效1,Shop Effect 1,商店特效1,,,,,,ストア特殊効果 1,특수 효과 저장 1
商店特效2,Shop Effect 2,商店特效2,,,,,,特殊効果 2 を購入する,특수 효과 2 쇼핑하기
商店特效3,Shop Effect 3,商店特效3,,,,,,特殊効果 3 を購入する,특수 효과 3 쇼핑
商店特效4,Shop Effect 4,商店特效4,,,,,,特殊効果 4 を購入する,특수 효과 4 쇼핑하기
商店特效5,Shop Effect 5,商店特效5,,,,,,特殊効果 5 を購入する,특수 효과 5 쇼핑하기
商店特效6,Shop Effect 6,商店特效6,,,,,,特殊効果 6 を購入する,특수 효과 6 쇼핑하기
地图图标1,Map Icon 1,地图图标1,,,,,,地図アイコン 1,지도 아이콘 1
地图图标2,Map Icon 2,地图图标2,,,,,,地図アイコン2,지도 아이콘 2
大厅金币堆图标,Lobby Coin Pile Icon,大厅金币堆图标,,,,,,ホール金貨の山アイコン,홀 금화 더미 아이콘
金币图标,Coins,金币图标,,,,,,金貨のアイコン,금화 아이콘
钻石图标,Diamond,钻石图标,,,,,,ダイヤモンドのアイコン,다이아몬드 아이콘
保护壳特效,Shell Effect,保护壳特效,,,,,,保護ケースの特殊効果,보호 케이스 특수 효과
武器掉落特效,Weapon Drop Effect,武器掉落特效,,,,,,武器のドロップ効果,무기 드롭 효과
道具特效,Item Effects,道具特效,,,,,,小道具、特殊効果,소품 특수효과
保护壳破碎特效,Protective shell breaking effect.,保护壳破碎特效,,,,,,保護ケースが壊れた特殊効果,보호 케이스가 파손된 특수 효과
拖尾特效1,Trail Effect 1,拖尾特效1,,,,,,後続効果 1,후행효과 1
拖尾特效2,Trail Effect 2,拖尾特效2,,,,,,トレーリングエフェクト2,후행효과 2
拖尾特效3,Trail Effect 3,拖尾特效3,,,,,,後続効果 3,후행효과 3
拖尾特效4,Trail Effect 4,拖尾特效4,,,,,,トレーリングエフェクト4,후행효과 4
拖尾特效5,Trail Effect 5,拖尾特效5,,,,,,トレーリングエフェクト5,후행효과 5
拖尾特效6,Trail Effect 6,拖尾特效6,,,,,,トレーリングエフェクト6,후행효과 6
10003攻击特效,10003 Attack Effect,10003攻击特效,,,,,,10003 攻撃特殊効果,10003 공격 특수 효과
20003攻击特效,20003 Attack Effect,20003攻击特效,,,,,,20003 攻撃特殊効果,20003 공격 특수효과
新特效1-火焰,New Effect 1 - Flame,新特效1-火焰,,,,,,新しい特殊効果 1 発,새로운 특수 효과 1-발사
新特效2-女巫,New Effect 2 - Witch,新特效2-女巫,,,,,,新特撮 2-Witch,새로운 특수효과 2-마녀
新特效3-骑士,New Effect 3 - Knight,新特效3-骑士,,,,,,新しい特殊効果 3-Knight,새로운 특수 효과 3-Knight
新特效4-魔鬼,New Effect 4 - Demon,新特效4-魔鬼,,,,,,新特撮4悪魔,새로운 특수 효과 4-악마
新特效5-恶魔,New Effect 5 - Demon,新特效5-恶魔,,,,,,新しい特殊効果 5-Demon,새로운 특수 효과 5-악마
武器模型10002,Weapon Model 10002,武器模型10002,,,,,,ウェポンモデル 10002,무기 모델 10002
商店武器模型：21000,Shop Weapon Model: 21000,商店武器模型：21000,,,,,,ショップ武器モデル: 21000,상점 무기 모델: 21000
武器模型10003,Weapon Model 10003,武器模型10003,,,,,,ウェポンモデル 10003,무기 모델 10003
武器模型20002,Weapon Model 20002,武器模型20002,,,,,,ウェポンモデル20002,무기 모델 20002
武器模型20003,Weapon Model 20003,武器模型20003,,,,,,ウェポンモデル20003,무기 모델 20003
持刀姿态,Hold Knife,持刀姿态,,,,,,ナイフを持つ姿勢,칼 쥐는 자세
持枪姿态,Gun Pose,持枪姿态,,,,,,銃の構え,총 자세
死亡倒地姿态,Death Stance,死亡倒地姿态,,,,,,死のポーズ,죽음의 자세
男性默认,Male Default,男性默认,,,,,,男性のデフォルト,남성 디폴트
女性默认,Female Default,女性默认,,,,,,女性のデフォルト,여성 기본
近战攻击动作,Melee Attack,近战攻击动作,,,,,,近接攻撃アクション,근접 공격 액션
远程攻击动作,Ranged Attack,远程攻击动作,,,,,,遠距離攻撃アクション,원거리 공격 액션
远程CD动作：换弹,Ranged CD Action: Reload,远程CD动作：换弹,,,,,,リモート CD アクション: リロード,원격 CD 작업: 다시 로드
右手掏枪、掏刀动作,Pull out your right gun and knife,右手掏枪、掏刀动作,,,,,,右手で銃とナイフを描く,오른손으로 총과 칼을 그리기
死亡动作1,Death Action 1,死亡动作1,,,,,,死の技1,죽음의 움직임 1
死亡动作2,Death Action 2,死亡动作2,,,,,,死の技2,죽음의 움직임 2
商店特效7,Shop Effect 7,商店特效7,,,,,,特殊効果 7 を購入する,특수 효과 쇼핑 7
商店特效8,Shop Effect 8,商店特效8,,,,,,特殊効果 8 を購入する,특수 효과 쇼핑 8
商店特效9,Shop Effect 9,商店特效9,,,,,,特殊効果 9 を購入する,특수 효과 9 쇼핑하기
商店特效10,Shop Effect 10,商店特效10,,,,,,特殊効果 10 を購入する,특수효과 10 쇼핑하기
商店特效11,Shop Effect 11,商店特效11,,,,,,ストア特殊効果 11,특수 효과 저장 11
角色头像15,Character Avatar 15,角色头像15,,,,,,キャラクターアバター15,캐릭터 아바타 15
角色头像16,Character Avatar 16,角色头像16,,,,,,キャラクターアバター16,캐릭터 아바타 16
角色头像17,Character Avatar 17,角色头像17,,,,,,キャラクターアバター17,캐릭터 아바타 17
角色头像18,Character Avatar 18,角色头像18,,,,,,キャラクターアバター18,캐릭터 아바타 18
角色头像19,Character Avatar 19,角色头像19,,,,,,キャラクターアバター19,캐릭터 아바타 19
角色头像20,Character Avatar 20,角色头像20,,,,,,キャラクターアバター20,캐릭터 아바타 20
角色头像21,Character Avatar 21,角色头像21,,,,,,キャラクターアバター21,캐릭터 아바타 21
角色头像22,Character Avatar 22,角色头像22,,,,,,キャラクターアバター22,캐릭터 아바타 22
角色头像23,Character Avatar 23,角色头像23,,,,,,キャラクターアバター23,캐릭터 아바타 23
角色头像24,Character Avatar 24,角色头像24,,,,,,キャラクターアバター24,캐릭터 아바타 24
角色头像25,Character Avatar 25,角色头像25,,,,,,キャラクターアバター25,캐릭터 아바타 25
角色头像26,Character Avatar 26,角色头像26,,,,,,キャラクターアバター26,캐릭터 아바타 26
角色头像27,Character Avatar 27,角色头像27,,,,,,キャラクターアバター27,캐릭터 아바타 27
角色头像28,Character Avatar 28,角色头像28,,,,,,キャラクターアバター28,캐릭터 아바타 28
角色头像29,Character Avatar 29,角色头像29,,,,,,キャラクターアバター29,캐릭터 아바타 29
角色形象15,Character Image 15,角色形象15,,,,,,キャラクターイメージ15,캐릭터 이미지 15
角色形象16,Character Image 16,角色形象16,,,,,,キャラクターイメージ16,캐릭터 이미지 16
角色形象17,Character Image 17,角色形象17,,,,,,キャラクターイメージ17,캐릭터 이미지 17
角色形象18,Character Image 18,角色形象18,,,,,,キャラクターイメージ18,캐릭터 이미지 18
角色形象19,Character Image 19,角色形象19,,,,,,キャラクターイメージ19,캐릭터 이미지 19
角色形象20,Character Image 20,角色形象20,,,,,,キャラクターイメージ20,캐릭터 이미지 20
角色形象21,Character Image 21,角色形象21,,,,,,キャラクターイメージ21,캐릭터 이미지 21
角色形象22,Character Image 22,角色形象22,,,,,,キャラクターイメージ22,캐릭터 이미지 22
角色形象23,Character Image 23,角色形象23,,,,,,キャラクターイメージ23,캐릭터 이미지 23
角色形象24,Character Image 24,角色形象24,,,,,,キャラクターイメージ24,캐릭터 이미지 24
角色形象25,Character Image 25,角色形象25,,,,,,キャラクターイメージ25,캐릭터 이미지 25
角色形象26,Character Image 26,角色形象26,,,,,,キャラクターイメージ26,캐릭터 이미지 26
角色形象27,Character Image 27,角色形象27,,,,,,キャラクターイメージ27,캐릭터 이미지 27
角色形象28,Character Image 28,角色形象28,,,,,,キャラクター画像28,캐릭터 이미지 28
角色形象29,Character Image 29,角色形象29,,,,,,キャラクターイメージ29,캐릭터 이미지 29
逻辑对象投掷物,Logical Object Throw,逻辑对象投掷物,,,,,,論理オブジェクトがスローされました,던져진 논리적 객체
子弹模型预加载,Bullet Model Preloaded,子弹模型预加载,,,,,,弾丸モデルのプリロード,총알 모델 사전 로드
人形对象,Human Object,人形对象,,,,,,人型の物体,인간형 개체
金币模型,Coin Model,金币模型,,,,,,金貨モデル,금화 모델
丢飞刀,Throw Knife,丢飞刀,,,,,,投げナイフを投げる,투척용 칼을 던져라
投掷架势,Throwing Stance,投掷架势,,,,,,投球姿勢,투척 자세
拔刀,Pull Out,拔刀,,,,,,抜刀,검을 뽑다
持刀,Carry a Knife,持刀,,,,,,ナイフを持っている,칼을 들고
反手持刀,Anti-Handle Knife,反手持刀,,,,,,ナイフを背中の後ろに持って,등 뒤에 칼을 쥐고 있다
下刺,Stab,下刺,,,,,,突き刺す,찌르다
投掷架势2,Throw 2,投掷架势2,,,,,,投げる姿勢2,투척 자세 2
投掷,Throw,投掷,,,,,,投げる,던지다
上举持枪,Raise your gun,上举持枪,,,,,,銃を構えて,총을 들어
换弹,Switch,换弹,,,,,,リロード,새로고침
开枪（单次）,Shoot (single),开枪（单次）,,,,,,シュート（シングル）,촬영(싱글)
刀预制体,Knife Prefab,刀预制体,,,,,,ナイフプレハブ,칼 조립식
斧子模型,Model Axe,斧子模型,,,,,,斧モデル,도끼 모델
尼泊尔军刀模型,Nepalese Army Knife Model,尼泊尔军刀模型,,,,,,ネパールアーミーナイフモデル,네팔 군용 칼 모델
左轮手枪模型,Revolver Model,左轮手枪模型,,,,,,リボルバーモデル,리볼버 모델
冲锋枪模型,Submachine Gun Model,冲锋枪模型,,,,,,サブマシンガンモデル,기관단총 모델
步枪模型,Rifle Model,步枪模型,,,,,,ライフルモデル,소총 모델
菜刀模型,Kitchen Knife Model,菜刀模型,,,,,,包丁モデル,부엌칼 모형
鱼,Fish,鱼,,,,,,魚,물고기
匕首1,Dagger 1,匕首1,,,,,,ダガー1,단검 1
匕首2,Dagger 2,匕首2,,,,,,ダガー2,단검 2
胜利展示动作,Victory Display,胜利展示动作,,,,,,勝利表示,승리의 전시
医院预览,Hospital Preview,医院预览,,,,,,病院のプレビュー,병원 미리보기
胜利展示动作播不了,Victory display actions cannot be broadcasted.,胜利展示动作播不了,,,,,,勝利表示アクションはプレイできません,승리 표시 작업을 실행할 수 없습니다.
胜利展示动作新,Victory New,胜利展示动作新,,,,,,勝利表示アクション新規,승리 표시 액션 신규
死亡姿态2,Death Stance 2,死亡姿态2,,,,,,死のジェスチャー 2,죽음의 몸짓 2
死亡姿态3,Death Stance 3,死亡姿态3,,,,,,死のジェスチャー 3,죽음의 몸짓 3
AI跑步动画,AI Running Animation,AI跑步动画,,,,,,AI走行アニメーション,AI가 달리는 애니메이션
双层翅膀,Double-Decker Wings,双层翅膀,,,,,,二重翼,이중 날개
翅膀,Wings,翅膀,,,,,,翼,비행
六翼翅膀,Six-winged Wing,六翼翅膀,,,,,,六つの翼,여섯 개의 날개
精灵翅膀,Elf Wing,精灵翅膀,,,,,,エルフの翼,엘프 날개
棺材,Coffin,棺材,,,,,,棺材,관
环绕,Aura,环绕,,,,,,囲む,서라운드
闪电,Lightning,闪电,,,,,,稲妻,번개
飞行背包,Jetpack,飞行背包,,,,,,ジェットパック,제트팩
小熊背包,Bear Backpack,小熊背包,,,,,,ベア・バックパック,베어 백팩
0.7倍,0.7x,0.7倍,,,,,,0.7倍,0.7배
0.8倍,0.8x,0.8倍,,,,,,0.8倍,0.8배
0.9倍,0.9x,0.9倍,,,,,,0.9倍,0.9배
正常,Normal,正常,,,,,,正常,정상
1.1倍,1.1x,1.1倍,,,,,,1.1倍,1.1배
1.2倍,1.2x,1.2倍,,,,,,1.2倍,1.2배
1.3倍,1.3x,1.3倍,,,,,,1.3倍,1.3배
套靴长裤,Bootcut Pants,套靴长裤,,,,,,オーバーブーツ＆パンツ,오버부츠 및 바지
制服短裙,Uniform Skirt,制服短裙,,,,,,制服スカート,유니폼 스커트
位移加速为1.1倍,Displacement acceleration 1.1 times,位移加速为1.1倍,,,,,,変位加速度1.1倍,변위가속도는 1.1배
飞刀移速加速为1.6倍,Speed Boost of Flying Knife reaches 1.6 times,飞刀移速加速为1.6倍,,,,,,フライングナイフの移動速度が1.6倍に加速される,날아오는 칼의 이동 속도가 1.6배로 가속됩니다.
爆炸飞刀,Explosive Knife,爆炸飞刀,,,,,,爆発するナイフ,폭발하는 칼
我是{0},I'm {0}.,我是{0},,,,,,私はそうだ。{0},맞아요.{0}
学生,Student,学生,,,,,,学生,학생
侦探,Detective,侦探,,,,,,探偵,형사
凶手是谁？,Who is the murderer?,凶手是谁？,,,,,,殺人者は誰ですか？,살인자는 누구입니까?
0.o 气死我了,0.o I'm so angry.,0.o 气死我了,,,,,,0.o頭にきたよ。,0.o 정말 화가 났어요.
救命啊！,Help!,救命啊！,,,,,,助けてくれ！,도와주세요!
谢谢你 ^_^,Thank you ^_^,谢谢你 ^_^,,,,,,ありがとう^_^。,감사합니다 ^_^
你好！,Hello!,你好！,,,,,,こんにちは！,안녕하세요!
别刀我 QAQ,"Don't hurt me, QAQ.",别刀我 QAQ,,,,,,切らないでくれ、QAQ。,"자르지 마세요, QAQ."
<--退！<--退！<--退！,<--Get back!<--Get back!<--Get back!,<--退！<--退！<--退！,,,,,,<--戻る<--退却<--戻る！,<-- 후퇴! <-- 후퇴! <-- 후퇴!
*0* 满分操作！,*0* Perfect!,*0* 满分操作！,,,,,,*0* 操作性は満点！,*0* 작동에 만점!
)*o*( 我要开始表演了~,*o* (I'm going to start the show!,)*o*( 我要开始表演了~,,,,,,)*o*( I'm going to start the show now~,)*오*( 이제 쇼를 시작하겠습니다~)
红色,Red,红色,,,,,,赤,빨간색
紫色,Purple,紫色,,,,,,紫,보라
蓝色,Blue,蓝色,,,,,,青,파란색
绿色,Green,绿色,,,,,,緑,녹색
白色,White,白色,,,,,,白,하얀색
制服女,Uniform,制服女,,,,,,女性の制服,여성 유니폼
一定过套装,I'm sure I'll pass the suit.,一定过套装,,,,,,スーツをパスしたに違いない。,소송을 통과했나 봐요.
主打求神套装,Main Seeker Outfit,主打求神套装,,,,,,主にゴッド・シーカーズ・キット,주로 신을 찾는 자의 키트
卡皮巴拉套装1,Capybara Suit 1,卡皮巴拉套装1,,,,,,カピバラセット1,카피발라 세트 1
卡皮巴拉套装2,Capybara Suit 2,卡皮巴拉套装2,,,,,,カピバラセット2,카피바라 세트 2
女学生角色,Schoolgirl Character,女学生角色,,,,,,女子学生キャラクター,여학생 캐릭터
和服,Kimono,和服,,,,,,和服,일본 기모노
JK女生,JK Girl,JK女生,,,,,,JK女子生徒,JK 소녀들
新年毛衣,New Year Sweater,新年毛衣,,,,,,新年のセーター,새해 스웨터
露肩长裙,Off-Shoulder Skirt,露肩长裙,,,,,,オフショルダーロングドレス,오프 숄더 롱 드레스
头部样式,Head Style,头部样式,,,,,,ヘッドスタイル,머리 스타일
头部左右缩放,Zoom Head,头部左右缩放,,,,,,ヘッドズーム左右,헤드 줌 좌우
上半脸前后移动,Move the upper face forward and backward.,上半脸前后移动,,,,,,上面を前後に動かす,윗면을 앞뒤로 움직여 보세요.
上半脸上下移动,Move the upper half of your face up and down.,上半脸上下移动,,,,,,顔の上部を上下に動かします,얼굴 윗부분을 위아래로 움직여 보세요.
上半脸整体缩放,Zoom Overall,上半脸整体缩放,,,,,,上面全体のスケーリング,얼굴 상반신의 전체적인 스케일링
下半脸前后移动,Move the lower half of your face forward and backward.,下半脸前后移动,,,,,,顔の下半分を前後に動かします,얼굴의 아래쪽 절반을 앞뒤로 움직여 보세요.
下半脸左右缩放,Zoom around the lower half,下半脸左右缩放,,,,,,顔の下半分を左右にズーム,얼굴의 하반부를 좌우로 확대/축소합니다.
耳朵整体缩放,Whole Ear Zoom,耳朵整体缩放,,,,,,全体的な耳のスケーリング,전반적인 귀 스케일링
耳朵左右旋转,Ears rotate around,耳朵左右旋转,,,,,,耳は左右に回転します,귀가 좌우로 회전함
耳朵前后旋转,Ears rotate back and forth,耳朵前后旋转,,,,,,耳が前後に回転します,귀가 앞뒤로 회전함
耳朵上部缩放,Upper Ear Zoom,耳朵上部缩放,,,,,,上耳のスケーリング,윗귀 스케일링
耳朵下部缩放,Lower Ear Zoom,耳朵下部缩放,,,,,,下耳スケーリング,아래 귀 스케일링
下颌圆度,jaw roundness,下颌圆度,,,,,,下顎の丸み,하악 진원도
下颌前后移动,Move the jaw forward and backward.,下颌前后移动,,,,,,下顎の前後運動,하악의 앞뒤 움직임
下颌上下移动,Move your jaw up and down.,下颌上下移动,,,,,,顎が上下に動きます,턱이 위아래로 움직인다
下颌左右缩放,Zoom around the jaw,下颌左右缩放,,,,,,下顎の左右のスケーリング,하악 스케일링 왼쪽 및 오른쪽
下巴前后移动,Move jaw forward and backward,下巴前后移动,,,,,,あごが前後に動く,턱이 앞뒤로 움직인다
下巴尖上下移动,Move the chin tip up and down.,下巴尖上下移动,,,,,,あごの先端が上下に動きます,턱 끝이 위아래로 움직인다.
下巴尖前后移动,Move the chin tip forward and backward.,下巴尖前后移动,,,,,,あごの先端が前後に動きます,턱끝이 앞뒤로 움직인다.
下巴尖左右缩放,Zoom around the top of your jaw.,下巴尖左右缩放,,,,,,あごの先端が左右にスケールします,턱 끝이 좌우로 비늘이 있습니다.
颧骨左右缩放,Zoom Left and Right,颧骨左右缩放,,,,,,頬骨の左右のスケーリング,광대뼈 왼쪽 및 오른쪽 스케일링
颧骨前后移动,Move cheekbones forward and backward,颧骨前后移动,,,,,,頬骨骨は前後に動きます,광대뼈가 앞뒤로 움직인다
脸颊左右缩放,Zoom Left and Right,脸颊左右缩放,,,,,,左右の頬ズーム,뺨 확대 왼쪽 및 오른쪽
脸颊前后移动,Move cheeks forward and backward,脸颊前后移动,,,,,,頬が前後に動きます,뺨이 앞뒤로 움직인다
脸颊上下移动,Move your cheeks up and down.,脸颊上下移动,,,,,,頬が上下に動きます,뺨이 위아래로 움직인다
眉毛上下移动,Move your eyebrows up and down.,眉毛上下移动,,,,,,眉毛が上下に動きます,눈썹이 위아래로 움직인다
眉毛左右移动,Move eyebrows around,眉毛左右移动,,,,,,眉毛が左右に動きます,눈썹이 좌우로 움직인다
眉毛整体旋转,Integral eyebrow rotation,眉毛整体旋转,,,,,,眉毛全体の回転,눈썹 전체 회전
眉头上下移动,Move your eyebrows up and down.,眉头上下移动,,,,,,眉が上下に動く,눈썹이 위아래로 움직인다
眉尾上下移动,Move eyebrows up and down.,眉尾上下移动,,,,,,眉尻が上下に動きます,눈썹 꼬리가 위아래로 움직인다
眼睛上下移动,Move your eyes up and down.,眼睛上下移动,,,,,,目が上下に動きます,눈이 위아래로 움직인다
眼睛左右缩放,Zoom Left and Right,眼睛左右缩放,,,,,,目が左右にズームします,눈은 좌우로 확대
眼睛前后移动,Move your eyes forward and backward.,眼睛前后移动,,,,,,目が前後に動きます,눈이 앞뒤로 움직인다
眼睛整体旋转,Integral eye rotation,眼睛整体旋转,,,,,,目全体が回転する,눈이 전체적으로 회전함
眼睛上下缩放,Zoom Up and Down,眼睛上下缩放,,,,,,目は上下にズームします,눈이 위아래로 확대됩니다.
眼睛左右移动,Move your eyes around,眼睛左右移动,,,,,,目が左右に動きます,눈이 좌우로 움직인다
内眼角左右移动,Move around the inner eye corner.,内眼角左右移动,,,,,,目頭が左右に動く,눈 안쪽이 좌우로 움직입니다.
外眼角上下移动,Move the outer eye corner up and down.,外眼角上下移动,,,,,,目尻が上下に動く,눈의 바깥쪽 모서리가 위아래로 움직입니다.
瞳孔左右移动,Move pupils around.,瞳孔左右移动,,,,,,瞳孔が左右に動く,학생들은 좌우로 움직입니다.
瞳孔上下移动,Move pupils up and down.,瞳孔上下移动,,,,,,瞳孔が上下に動く,학생들은 위아래로 움직입니다.
瞳孔左右缩放,Zoom pupils around,瞳孔左右缩放,,,,,,生徒は左右にズームします,눈동자가 왼쪽과 오른쪽으로 확대됩니다.
瞳孔上下缩放,Zoom pupils up and down.,瞳孔上下缩放,,,,,,生徒が上下にズームする,학생들이 위아래로 확대/축소됩니다.
鼻子整体前后移动,Move your nose forward and backward as a whole.,鼻子整体前后移动,,,,,,機首は全体的に前後に動きます,코가 전체적으로 앞뒤로 움직인다
鼻尖上下移动,Move the tip of your nose up and down.,鼻尖上下移动,,,,,,鼻先が上下に動きます,코끝이 위아래로 움직인다
鼻梁前后移动,Move the bridge of the nose forward and backward.,鼻梁前后移动,,,,,,鼻梁が前後に動きます,콧등이 앞뒤로 움직입니다.
嘴巴上下移动,Move your mouth up and down.,嘴巴上下移动,,,,,,口が上下に動きます,입이 위아래로 움직인다
嘴巴前后移动,Move mouth forward and backward,嘴巴前后移动,,,,,,口が前後に動きます,입이 앞뒤로 움직인다
嘴巴左右缩放,Zoom Left and Right,嘴巴左右缩放,,,,,,口を左右にズーム,입 확대/축소 좌우
上嘴唇薄厚,Thick upper lip,上嘴唇薄厚,,,,,,厚い上唇,두꺼운 윗입술
下嘴唇薄厚,Low Lip,下嘴唇薄厚,,,,,,厚い下唇,두꺼운 아랫입술
嘴角上下移动,Move the corner of your mouth up and down.,嘴角上下移动,,,,,,口角が上下に動きます,입꼬리가 위아래로 움직인다
身高,Height,身高,,,,,,身長,키
头部整体缩放,Head Zoom,头部整体缩放,,,,,,頭全体のスケーリング,전반적인 헤드 스케일링
胸部整体缩放,Holistic chest zoom,胸部整体缩放,,,,,,全体的な胸のスケーリング,전반적인 유방 스케일링
胸部上下移动,Move your chest up and down.,胸部上下移动,,,,,,胸が上下に動きます,가슴이 위아래로 움직인다
胸部左右移动,Move your chest around,胸部左右移动,,,,,,胸が左右に動く,가슴이 좌우로 움직인다
胸部长度,Chest Length,胸部长度,,,,,,胸の長さ,가슴 길이
脖子左右缩放,Zoom around your neck,脖子左右缩放,,,,,,首ズーム左右,목 줌 왼쪽 및 오른쪽
脖子前后缩放,Zoom neck forward and backward,脖子前后缩放,,,,,,首を前後にズーム,목 줌 앞뒤로
胸腔左右缩放,Zoom chest around,胸腔左右缩放,,,,,,胸部左右拡張,가슴 확장 좌우
胸腔前后缩放,Zoom chest forward and backward,胸腔前后缩放,,,,,,胸部の前後への拡張,가슴 확장은 앞뒤로
肋骨左右缩放,Zoom Left and Right Ribs,肋骨左右缩放,,,,,,肋骨は左右にスケールします,갈비뼈 크기는 왼쪽과 오른쪽으로 조정됩니다.
肋骨前后缩放,Zoom Ribs Forward and Back,肋骨前后缩放,,,,,,リブ前後のスケーリング,갈비뼈 전면 및 후면 스케일링
腰部左右缩放,Zoom around the waist,腰部左右缩放,,,,,,ウエスト左右スケーリング,허리 좌우 스케일링
腰部前后缩放,Zoom Back and Forward,腰部前后缩放,,,,,,ウエスト前後スケーリング,"허리 앞, 뒤 스케일링"
脖子上下缩放,Zoom Up and Down,脖子上下缩放,,,,,,首を上下にズーム,목 확대/축소
胸腔上下缩放,Zoom Up and Down,胸腔上下缩放,,,,,,胸部の拡大縮小,가슴 확장 및 축소
腰部上下缩放,Zoom Up and Down,腰部上下缩放,,,,,,ウエストの上下スケーリング,허리 위아래 스케일링
胯左右缩放,Zoom Left and Right,胯左右缩放,,,,,,ヒップズーム,엉덩이 줌
胯前后缩放,Zoom Back and Forward,胯前后缩放,,,,,,ヒップの前後ズーム,엉덩이 줌 앞뒤로
肩臂左右缩放,Zoom Left and Right Shoulders,肩臂左右缩放,,,,,,肩と腕の左右のスケーリング,어깨와 팔의 크기 조정이 왼쪽과 오른쪽으로 이루어집니다.
肩臂前后缩放,Zoom forward and backward on shoulders,肩臂前后缩放,,,,,,肩と腕が前後にスケーリング,어깨와 팔이 앞뒤로 스케일링됨
大臂左右缩放,Zoom Left and Right,大臂左右缩放,,,,,,アーム左右ズーム,암 줌 왼쪽 및 오른쪽
大臂前后缩放,Zoom Front and Back,大臂前后缩放,,,,,,アームを前後にズーム,암 줌을 앞뒤로
小臂左右缩放,Zoom Left and Right,小臂左右缩放,,,,,,前腕ズーム左右,팔뚝 확대/축소 왼쪽 및 오른쪽
小臂前后缩放,Zoom forward and backward,小臂前后缩放,,,,,,前腕の前後ズーム,팔뚝 확대/축소 앞으로 및 뒤로
大臂上下缩放,Zoom Up and Down,大臂上下缩放,,,,,,腕を上下にズーム,팔 확대 및 축소
小臂上下缩放,Zoom Up and Down,小臂上下缩放,,,,,,前腕のズームアップとダウン,팔뚝 확대 및 축소
大腿上下缩放,Zoom Up and Down,大腿上下缩放,,,,,,太ももを上下にズーム,허벅지 확대 및 축소
小腿上下缩放,Zoom up and down the calf.,小腿上下缩放,,,,,,ふくらはぎの上下のスケーリング,종아리 업 앤 다운 스케일링
大腿左右缩放,Zoom around thighs,大腿左右缩放,,,,,,太もも左右ズーム,허벅지 줌 왼쪽 및 오른쪽
大腿前后缩放,Zoom thighs forward and backward,大腿前后缩放,,,,,,太ももの前後のスケーリング,허벅지 전면 및 후면 스케일링
小腿前后缩放,Zoom calf forward and backward,小腿前后缩放,,,,,,ふくらはぎの前後のスケーリング,종아리 전면 및 후면 스케일링
小腿左右缩放,Zoom around calf,小腿左右缩放,,,,,,ふくらはぎの左右のスケーリング,종아리 좌우 스케일링
上装样式,Top Style,上装样式,,,,,,トップスタイル,최고의 스타일
区域颜色,Area Color,区域颜色,,,,,,エリアカラー,영역 색상
纹理样式,Texture Style,纹理样式,,,,,,テクスチャスタイル,텍스처 스타일
纹理颜色,Texture Color,纹理颜色,,,,,,テクスチャカラー,질감 색상
纹理左右拉伸,Stretch texture around,纹理左右拉伸,,,,,,左右に伸びるテクスチャー,질감이 좌우로 늘어납니다.
纹理上下拉伸,Stretch texture up and down.,纹理上下拉伸,,,,,,上下に伸びたテクスチャ,상하로 늘어나는 질감
纹理旋转,Texture Rotation,纹理旋转,,,,,,テクスチャの回転,텍스처 회전
纹理显示程度,Level of texture display,纹理显示程度,,,,,,質感表示度,질감 표시 정도
设计图案样式,Design Pattern,设计图案样式,,,,,,デザインパターンスタイル,디자인 패턴 스타일
设计图案颜色,Design Pattern Color,设计图案颜色,,,,,,デザインパターンカラー,디자인 패턴 색상
设计图案旋转,Design Pattern Rotation,设计图案旋转,,,,,,デザインパターンの回転,디자인 패턴 회전
下装样式,Bottom Style,下装样式,,,,,,ボトムスタイル,바닥 스타일
手套样式,Gloves,手套样式,,,,,,グローブスタイル,장갑 스타일
鞋子样式,Shoe Style,鞋子样式,,,,,,靴のスタイル,신발 스타일
眉毛样式,Eyebrow Style,眉毛样式,,,,,,眉毛スタイル,눈썹 스타일
眉毛颜色,Eyebrow Color,眉毛颜色,,,,,,眉毛の色,눈썹 색깔
瞳孔样式,Pupil Style,瞳孔样式,,,,,,瞳のスタイル,학생 스타일
睫毛样式,Eyelash Style,睫毛样式,,,,,,まつげスタイル,속눈썹 스타일
睫毛颜色,Eyelash Color,睫毛颜色,,,,,,まつげの色,속눈썹 색상
上高光样式,Upper Highlight Style,上高光样式,,,,,,ハイライトスタイル,스타일 강조
上高光颜色,Upper Highlight Color,上高光颜色,,,,,,ハイライトカラー,하이라이트 색상
下高光样式,Lower Highlight Style,下高光样式,,,,,,ハイライトスタイル,스타일 강조
下高光颜色,Lower Highlight Color,下高光颜色,,,,,,下のハイライトの色,낮은 강조 색상
瞳孔颜色,Pupil Color,瞳孔颜色,,,,,,瞳の色,눈동자 색
瞳孔左右位置,Left and Right Pupil Positions,瞳孔左右位置,,,,,,瞳孔の左右の位置,동공 왼쪽 및 오른쪽 위치
瞳孔上下位置,Pupil Position,瞳孔上下位置,,,,,,瞳孔の上下の位置,동공의 위쪽과 아래쪽 위치
瞳孔大小缩放,Pupil Size Zoom,瞳孔大小缩放,,,,,,瞳孔サイズのスケーリング,동공 크기 스케일링
眼影样式,Eyeshadow Style,眼影样式,,,,,,アイシャドウスタイル,아이섀도우 스타일
眼影颜色,Eyeshadow Color,眼影颜色,,,,,,アイシャドウの色,아이섀도우 컬러
腮红样式,Blush Style,腮红样式,,,,,,チークスタイル,블러셔 스타일
腮红颜色,Blush Color,腮红颜色,,,,,,チークカラー,블러셔 컬러
口红样式,Lipstick Style,口红样式,,,,,,口紅のスタイル,립스틱 스타일
口红颜色,Lipstick Color,口红颜色,,,,,,口紅の色,립스틱 색상
贴花样式,Decal Style,贴花样式,,,,,,デカールのスタイル,데칼 스타일
贴花左右移动,Decal Move Left and Right,贴花左右移动,,,,,,デカールは左右に動きます,데칼이 좌우로 움직입니다.
贴花上下移动,Decal Move Up and Down,贴花上下移动,,,,,,デカールは上下に動きます,데칼이 위아래로 움직입니다.
贴花整体旋转,Decals rotate integrally,贴花整体旋转,,,,,,デカール全体の回転,데칼 전체 회전
贴花整体缩放,Decal Overall Zoom,贴花整体缩放,,,,,,デカール全体のスケーリング,데칼 전체 스케일링
肌肤颜色,Skin Color,肌肤颜色,,,,,,肌の色,피부색
贴花颜色,Decal Color,贴花颜色,,,,,,デカールの色,데칼 색상
样式,Style,样式,,,,,,スタイル,스타일
颜色,Color,颜色,,,,,,色,색상
渐变颜色,Gradient Color,渐变颜色,,,,,,グラデーションカラー,그라데이션 색상
渐变区域,Gradient Area,渐变区域,,,,,,勾配領域,그라데이션 영역
高光样式,Highlight Style,高光样式,,,,,,ハイライトスタイル,스타일 강조
体型,Body Type,体型,,,,,,体型,체형
左眼颜色(二次元),Left eye color (quadratic),左眼颜色(二次元),,,,,,左目の色（二次元）,왼쪽 눈 색깔(2차원)
右眼颜色(二次元),Right eye color (quadratic),右眼颜色(二次元),,,,,,右目の色（二次元）,오른쪽 눈 색깔(2차원)
头部贴花颜色,Head Decal Color,头部贴花颜色,,,,,,ヘッドデカールの色,헤드 데칼 색상
头部贴花样式,Head Decal Style,头部贴花样式,,,,,,ヘッドデカールスタイル,헤드 데칼 스타일
切换表情,Switch Expressions,切换表情,,,,,,スイッチ式,표현식 전환
头饰颜色,Headgear Color,头饰颜色,,,,,,ヘッドギアの色,헤드기어 색상
设计图案缩放,Design Pattern Zoom,设计图案缩放,,,,,,デザインパターンのスケーリング,디자인 패턴 스케일링
手整体缩放,Hand Zoom,手整体缩放,,,,,,全体的なハンドスケーリング,전반적인 핸드 스케일링
脚整体缩放,Foot Zoom,脚整体缩放,,,,,,全体的な足のスケーリング,전반적인 발 스케일링
面部左右缩放,Zoom Face,面部左右缩放,,,,,,顔の左右のズーム,얼굴 줌 왼쪽 및 오른쪽
眉毛前后移动,Move eyebrows forward and backward,眉毛前后移动,,,,,,眉毛が前後に動く,눈썹이 앞뒤로 움직인다
眉间前后移动,Move back and forth between eyebrows,眉间前后移动,,,,,,眉毛を前後に動かす,눈썹을 앞뒤로 움직여 보세요.
鼻子整体上下移动,Move your nose up and down as a whole.,鼻子整体上下移动,,,,,,鼻は全体的に上下に動きます,코가 전체적으로 위아래로 움직입니다.
鼻梁左右缩放,Zoom Left and Right,鼻梁左右缩放,,,,,,鼻梁の左右ズーム,콧대 확대/축소 좌우
鼻翼前后移动,Move nose forward and backward,鼻翼前后移动,,,,,,鼻が前後に動きます,코가 앞뒤로 움직인다
鼻翼上下移动,Move your nose up and down.,鼻翼上下移动,,,,,,鼻が上下に動きます,코가 위아래로 움직인다
鼻翼左右缩放,Zoom Left and Right,鼻翼左右缩放,,,,,,鼻の左右のスケーリング,코 스케일링 좌우
嘴角前后移动,Mouth Corner Move Forward and Back,嘴角前后移动,,,,,,口角を前後に動かす,입꼬리를 앞뒤로 움직여 보세요.
V1模型,V1 model,V1模型,,,,,,V1モデル,V1 모델
狐狸耳朵,Fox Ears,狐狸耳朵,,,,,,キツネの耳,여우 귀
围巾,Scarf,围巾,,,,,,スカーフ,스카프
双马尾辫子,Ponytails,双马尾辫子,,,,,,ダブルポニーテール,더블 포니테일
狐耳朵,Fox Ears,狐耳朵,,,,,,きつねの耳,여우 귀
猫耳,Cat Ears,猫耳,,,,,,猫耳,고양이 귀
星星,Stars,星星,,,,,,星,별
眩晕Buff,Stun buff,眩晕Buff,,,,,,スタンバフ,기절 버프
狗头,Dog Head,狗头,,,,,,犬頭,개의 머리
熊猫头,Panda Face,熊猫头,,,,,,パンダ頭,팬더 머리
问号,Question mark,问号,,,,,,クエスチョンマーク,물음표(구두점)
乌云,Dark Clouds,乌云,,,,,,暗雲,암운
表情,Expressions,表情,,,,,,表現,표현
睡眠,Sleep,睡眠,,,,,,睡眠,잠
恶心,Nauseous,恶心,,,,,,むかつく,메스꺼움
泡泡,Bubble,泡泡,,,,,,泡,거품
蝙蝠,Bat,蝙蝠,,,,,,蝙蝠,박쥐
花瓣环绕,Petal Aura,花瓣环绕,,,,,,ペタロイド,페탈로이드
蝴蝶泡泡,Butterfly Bubble,蝴蝶泡泡,,,,,,蝶の泡,버터플라이 버블
五角星泡泡,Pentagonal Bubble,五角星泡泡,,,,,,ペンタグラム・バブル,오각형 버블
打瞌睡,Doze,打瞌睡,,,,,,眠りにつく,잠들기
爱心,Love,爱心,,,,,,愛,사랑
梦幻泡泡蝴蝶结,Bubble Bow,梦幻泡泡蝴蝶结,,,,,,ファンタジー・バブル・リボン,판타지 버블 활
道具,Item,道具,,,,,,小道具,소품
绿蛇头发,Green snake hair.,绿蛇头发,,,,,,緑蛇の髪,녹색 뱀의 머리카락
青蛇头发,Cyan Snake Hair,青蛇头发,,,,,,緑蛇の髪,녹색 뱀의 머리카락
红蛇头发,Red snake hair.,红蛇头发,,,,,,レッド・スネーク・ヘア,붉은 뱀 머리
龙角,Dragon horn,龙角,,,,,,ドラゴンホーン,용의 뿔
犄角,Horn,犄角,,,,,,すみっこ,구석
发光恶魔角,Shining Demon Horn,发光恶魔角,,,,,,光る悪魔の角,빛나는 악마 뿔
帽子,Hat,帽子,,,,,,帽子,모자
护目眼镜,Goggles,护目眼镜,,,,,,保護メガネ,보호 안경
泳镜,Swim Goggles,泳镜,,,,,,スイミングゴーグル,수영 고글
男帽子,Male Hat,男帽子,,,,,,男性の帽子,남자 모자
尴尬,Awkward,尴尬,,,,,,気まずい,어색한
眩晕,Stunned,眩晕,,,,,,めまい,현기증
手指,Finger,手指,,,,,,フィンガープリント,지문
自动寻路图标,Auto wayfinding icon,自动寻路图标,,,,,,オートパスアイコン,자동 경로 아이콘
子弹,Bullets,子弹,,,,,,弾丸,총알
荧光小人,Glowing Man,荧光小人,,,,,,光る小人,빛나는 작은 사람
恭喜发财,Prosperity,恭喜发财,,,,,,あなたが幸せで豊かになりますように,행복하고 번영하시길 바랍니다
南瓜,Pumpkin,南瓜,,,,,,パンプキン,호박
头套,Headgear,头套,,,,,,かぶりもの,배우용 헤드기어
广告牌,Billboard,广告牌,,,,,,看板,광고 게시판
流光,Flowing Light,流光,,,,,,流光,사광
火焰,Flames,火焰,,,,,,炎,불꽃
雪花,Snowflake,雪花,,,,,,スノーフレーク,눈송이
星座,Constellation,星座,,,,,,星座,별자리
法阵,Magic Formation,法阵,,,,,,魔法陣,마법진
桃心,Heart,桃心,,,,,,心臓,마음
音符,Musical Note,音符,,,,,,音符,메모
光环,Halo,光环,,,,,,ハロー,후광
彩带,Ribbons,彩带,,,,,,リボン,고삐
传送门,Portal,传送门,,,,,,ポータル,문
禁锢,Imprisonment,禁锢,,,,,,監禁,제한
防护盾,Shield,防护盾,,,,,,保護シールド,보호 쉴드
角色__BUFF,Character__BUFF,角色__BUFF,,,,,,キャラクター __BUFF,문자 __BUFF
护盾,Shield,护盾,,,,,,シールド,방패
音乐,Music,音乐,,,,,,音楽,음악
禁锢Buff,Imprison buff,禁锢Buff,,,,,,投獄バフ,감금 버프
治疗Buff,Cure Buff,治疗Buff,,,,,,ヒーリングバフ,힐링 버프
盾牌,Shield,盾牌,,,,,,シールド,방패
击杀,Slay,击杀,,,,,,殺す,죽이다
卡牌,Card,卡牌,,,,,,トランプ,카드 놀이
生成光环,Generate Aura,生成光环,,,,,,ヘイローの生成,헤일로 생성
烟花,Fireworks,烟花,,,,,,花火,불꽃
全息投影,Holographic Projection,全息投影,,,,,,ホログラフィック投影,홀로그램 프로젝션
剪纸,Paper Cut,剪纸,,,,,,きりかみ,종이 커팅(중국 민속 예술)
一小堆金币,A small bunch of coins.,一小堆金币,,,,,,小さな金貨の山。,작은 금화 더미.
一大堆金币,A bunch of coins.,一大堆金币,,,,,,金貨の束だ。,금화 한 무더기.
限定武器-樱,Limited Weapon - Sakura,限定武器-樱,,,,,,限定武器・桜,한정무기 - 사쿠라
限定武器-蝶,Butterfly: Limited,限定武器-蝶,,,,,,限定武器・バタフライ,한정무기 - 나비
限定武器-紫光剑,Limited Weapon - Purple Sword,限定武器-紫光剑,,,,,,限定武器・紫光剣,한정 무기 - 보라색 빛의 검
限定武器-冰寒弓箭,Limited Weapon - Ice Bow,限定武器-冰寒弓箭,,,,,,限定武器 - アイス・コールド・ボウ＆アロー,한정 무기 - 얼음처럼 차가운 활과 화살
快速投掷体验券,Quick Throw Voucher,快速投掷体验券,,,,,,クイックスロー体験クーポン,빠른던지기 체험쿠폰
爆炸飞刀体验券,Explosive Knife Voucher,爆炸飞刀体验券,,,,,,爆発ナイフ体験券,폭발칼 체험권
幽灵斗篷体验券,Ghost Cloak Voucher,幽灵斗篷体验券,,,,,,ゴーストマント体験チケット,유령망토 체험권
每拯救一名学生,Every student saved,每拯救一名学生,,,,,,生徒が救われるたびに,학생이 구원받을 때마다
凶手每次击杀,Every time the Murderer kills,凶手每次击杀,,,,,,殺人者が人を殺すたびに,살인자가 사람을 죽일 때마다
眼影,Eyeshadow,眼影,,,,,,アイシャドウ,아이섀도
标准脸型-男,Standard Face - Male,标准脸型-男,,,,,,スタンダード・フェイス - 男性,표준 얼굴 - 남성
标准脸型-女,Standard Face - Female,标准脸型-女,,,,,,スタンダード・フェイス - 女性,표준 얼굴 - 여성
默认表情,Default Expression,默认表情,,,,,,デフォルトの絵文字,기본 이모티콘
微笑,Smile,微笑,,,,,,笑顔,웃다
开心,Happy,开心,,,,,,ハッピー,행복하다
伤心,Sad,伤心,,,,,,悲しい,슬픈
笑,Laugh,笑,,,,,,笑う,웃다
调皮,Naughty,调皮,,,,,,いたずらな,못된
可爱,Cute,可爱,,,,,,かわいい,귀여운
疑惑,Confused,疑惑,,,,,,疑惑,혼란시키다
眼镜,Glasses,眼镜,,,,,,眼鏡,안경
眼罩,Blindfold,眼罩,,,,,,アイマスク,아이 마스크
面纱,veils,面纱,,,,,,ベール,베일
面具,Mask,面具,,,,,,マスク,마스크
狐狸面具,Fox Mask,狐狸面具,,,,,,キツネの仮面,여우 가면
眼饰面具,Eyewear Mask,眼饰面具,,,,,,アイマスク,아이 마스크
恶魔头,Demon Head,恶魔头,,,,,,鬼頭,악마의 머리
魔后,Queen,魔后,,,,,,女王,여왕
白人女魔使,White Warlock,白人女魔使,,,,,,白い魔女,착한 마녀
白人女天使,White Angel,白人女天使,,,,,,白い女性の天使,백인 여성 천사
黑人女天使,Black Angel,黑人女天使,,,,,,黒人の女性の天使,흑인 여성 천사
女战神,Goddess of War,女战神,,,,,,女の戦いの女神,여성 전쟁 여신
女水手白人,White Sailor,女水手白人,,,,,,白人の女性船員,백인 여성 선원
青年智慧女神,Young Muse,青年智慧女神,,,,,,若き知恵の女神,젊은 지혜의 여신
黑天使,Black Angel,黑天使,,,,,,黒い天使,검은 천사
刺客女性,Assassin Female,刺客女性,,,,,,暗殺者の女性,암살자 여성
纳米机甲女性,Nano Mecha Female,纳米机甲女性,,,,,,ナノメカメス,나노메카 암컷
卡魔拉,Kamala,卡魔拉,,,,,,"ガモーラ, 日本映画の怪獣","가모라(일본어 ガメラ 가모라), 일본 영화 괴물"
魔术师女,Magician,魔术师女,,,,,,魔術師の女性,마술사 여자
哨兵冰,Sentry Ice,哨兵冰,,,,,,センチネルアイス,센티넬 아이스
女浩克,Female Holk,女浩克,,,,,,女性ハルク,여성 헐크
羊角女巫,Horned Witch,羊角女巫,,,,,,山羊の角の魔女,염소 뿔 마녀
冰雪王后,Snow Queen,冰雪王后,,,,,,氷の女王,얼음 여왕
海洋王后,Queen of Ocean,海洋王后,,,,,,海の女王,바다의 여왕
雏田,Hinata,雏田,,,,,,雏田,"고다 다이스케(1934-), 일본 정치인, 2007-2010년 총리"
春野樱,Sakura,春野樱,,,,,,春野サクラ,하루노 사쿠라
纲手,Master,纲手,,,,,,綱手,츠나데
娜美,Nami,娜美,,,,,,ナミ,나미
妮可罗宾,Nicole Robin,妮可罗宾,,,,,,ニコール・ロビン,니콜 로빈
女帝,Female Emperor,女帝,,,,,,女帝,황후
天天,Everyday,天天,,,,,,天天,날마다
小南,Nan,小南,,,,,,小南,샤오난
小樱,Sakura,小樱,,,,,,さくら,사쿠라
灶门祢豆子,Youra Bean,灶门祢豆子,,,,,,竈門禰豆子,카마도 네즈코
暗影芭比,Shadow Barbie,暗影芭比,,,,,,シャドウバービー,섀도우 바비
粉毛怪,Pink Monster,粉毛怪,,,,,,白い毛むくじゃらの怪物,흰 털 괴물
蓝毛怪,Blue Monster,蓝毛怪,,,,,,青い髪の怪物,파란 머리 괴물
魔莱坞学院院长,Academy Dean,魔莱坞学院院长,,,,,,マジックハリウッドアカデミー 理事長,매직할리우드아카데미 원장
魔法少女,Magic Girl,魔法少女,,,,,,魔法少女,마법소녀
弓箭少女,Archery Girl,弓箭少女,,,,,,弓矢ガール,활과 화살 소녀
西方神女,Western Goddess,西方神女,,,,,,西方神女,매춘부(속어)
狐耳少女,Fox Girl,狐耳少女,,,,,,キツネ耳の女の子,여우귀 소녀
魔法少女服饰,Magic Girl Costume,魔法少女服饰,,,,,,魔法少女の衣装,마법소녀 의상
魔法女巫套装,Magic Witch Suit,魔法女巫套装,,,,,,魔法の魔女セット,마법의 마녀 세트
绿色怪人服,Green Freak Suit,绿色怪人服,,,,,,グリーン・フリーク・スーツ,녹색 괴물 수트
变异人套装,Mutant Suit,变异人套装,,,,,,ミュータントスーツ,돌연변이 슈트
怪人套装,Monster Suit,怪人套装,,,,,,奇抜なスーツ。,오드볼 슈트.
马戏团小丑服,Circus Clown Costume,马戏团小丑服,,,,,,サーカスピエロの衣装,서커스 광대 의상
小爱神,Little Eros,小爱神,,,,,,小さなキューピッド,작은 큐피드
中年冥神,Middle-aged Netherworld,中年冥神,,,,,,中年冥神,중년의 하데스
白人男天使,White Angel,白人男天使,,,,,,白人の男性天使,백인 남성 천사
黑人男天使,Black Angel,黑人男天使,,,,,,黒人男性天使,흑인 남성 천사
老山城,Old Hill Castle,老山城,,,,,,老山城,올드 마운틴 시티
太阳神,Sun God,太阳神,,,,,,太陽神,태양신
魔王,Demon King,魔王,,,,,,魔王,마왕
海王神,Neptune,海王神,,,,,,海王神,해왕성
神使,Angel,神使,,,,,,神使,전령
魔使男,Warlock,魔使男,,,,,,悪魔の男,악마의 남자
魔兵,Magic Soldier,魔兵,,,,,,魔兵,악마병사
兽人,Orc,兽人,,,,,,オーク,오크
未来战士,Future Warrior,未来战士,,,,,,未来の戦士,미래의 전사
哨兵石,Sentry Stone,哨兵石,,,,,,歩哨,센티널
哨兵木,Sentry Wood,哨兵木,,,,,,センチネルウッド,센티넬 우드
哨兵火,Sentry Fire,哨兵火,,,,,,センチネルファイア,센티널 파이어
青年地精,Youth Goblin,青年地精,,,,,,ヤング・ゴブリン,어린 고블린
老年地精,Elderly Goblin,老年地精,,,,,,古いゴブリン,늙은 고블린
天神,Legendary,天神,,,,,,天神,신들
狼人001,Werewolf 001,狼人001,,,,,,狼男001,늑대인간 001
黑男哨兵铁,Black Male Sentry Iron,黑男哨兵铁,,,,,,黒人男性の歩哨,흑인 남성 센티널
男丧尸,Zombie,男丧尸,,,,,,男性ゾンビ,남성 좀비
大蛇丸,Snake Pill,大蛇丸,,,,,,大蛇丸,오로치마루
飞段,Flying Stage,飞段,,,,,,飛段,히단
干柿鬼鲛,Dry Ghost Cloud,干柿鬼鲛,,,,,,干し柿鬼雨,곶감 키사메
角都,Kado,角都,,,,,,角都,카쿠즈
卡卡西,Kakasi,卡卡西,,,,,,カカシ,카카시
炼狱杏寿郎,Kyojuro Rengoku,炼狱杏寿郎,,,,,,煉獄の杏周郎,연옥의 살구 슈로우
路飞,Luffy,路飞,,,,,,ルフィ,루피
索隆,Zoro,索隆,,,,,,索隆,사우론
洛克李,Lock Lee,洛克李,,,,,,ロック・リー,록 리
鸣人,Naruto,鸣人,,,,,,ナルト,나루토
我爱罗,I Love You,我爱罗,,,,,,我愛羅,가아라
我妻善逸,My wife is kind.,我妻善逸,,,,,,妻はいい人だ。,제 아내는 좋은 운동선수입니다.
悟空,Goku,悟空,,,,,,悟空,오공
蝎,Scorpion,蝎,,,,,,サソリ,투석기
宇智波斑,Wave Spot,宇智波斑,,,,,,うちはマダラ,우치하 마다라
宇智波带土,Wave Zone,宇智波带土,,,,,,うちはオビト,우치하 오비토
宇智波鼬,Ghost,宇智波鼬,,,,,,うちはイタチ,우치하 이타치
长门,Long Door,长门,,,,,,長門,나가토
嘴平伊之助,Hashibira Inosuke,嘴平伊之助,,,,,,嘴平伊之助,모히라 이노스케
宇智波佐助,Sasuke,宇智波佐助,,,,,,うちはサスケ,우치하 사스케
史瑞克,Shrek,史瑞克,,,,,,シュレック,슈렉
迷雾鬼影,Misty Ghost,迷雾鬼影,,,,,,霧の幽霊,안개 유령
屠夫,Butcher,屠夫,,,,,,肉屋,푸주한
玄魁,Profound Quill,玄魁,,,,,,玄魁,쉬안쿠이
专家,Expert,专家,,,,,,専門家,전문가
巫医,Witch Doctor,巫医,,,,,,呪術師,주술사
灶门炭治郎,Tanjiro Kamado,灶门炭治郎,,,,,,竈門炭治郎,카마도 탄지로
长胡子老者,Bearded Oldman,长胡子老者,,,,,,ひげを生やした老人,수염을 기른 노인
大耳男,Big Ears,大耳男,,,,,,耳の大きな男,귀가 큰 남자
侦探小子,Detective Boy,侦探小子,,,,,,少年探偵,탐정 소년
翻毛黄金首饰,Furry Gold Jewelry,翻毛黄金首饰,,,,,,タンブルド・ゴールド・ジュエリー,텀블 골드 주얼리
清洁手套,Cleaning Gloves,清洁手套,,,,,,掃除用手袋,청소 장갑
身份名称（学生）,Identity Name (Student),身份名称（学生）,,,,,,アイデンティティ名（学生）,신원 이름 (학생)
身份,Role,身份,,,,,,身元,신원
这里是本局中你的身份,Here is your identity in this match.,这里是本局中你的身份,,,,,,このゲームにおけるあなたのアイデンティティはここにあります,이 게임에서 당신의 정체성은 다음과 같습니다
身份目标（学生）,Identity Goal (student),身份目标（学生）,,,,,,アイデンティティターゲット（学生）,신원대상(학생)
这里是你本局的目标，不知道做什么的话就看一下这里吧,"Here is your goal in this match. If you're confused, take a look.",这里是你本局的目标，不知道做什么的话就看一下这里吧,,,,,,これがこのゲームの目標です。何をすればよいかわからない場合は、ここを参照してください。,이것이 이 게임의 목표입니다. 무엇을 해야할지 모르겠다면 여기를 살펴보세요.
身份目标1（学生）,Identity Goal 1 (student),身份目标1（学生）,,,,,,アイデンティティ目標 1 (学生),정체성 목표 1 (학생)
努力活下来才能够获得胜利~,Survive to win!,努力活下来才能够获得胜利~,,,,,,努力してこそ勝てますよ~,열심히 노력해야만 승리할 수 있어요~
身份目标2-1（学生）,Role Goal 2-1 (Student),身份目标2-1（学生）,,,,,,アイデンティティ目標 2-1 (学生),정체성 목표 2-1 (학생)
这是能量球：,This is the Orb:,这是能量球：,,,,,,これがエネルギーボールです。,이것은 에너지 볼입니다.
身份目标2-2（学生）,Identity Goal 2-2 (student),身份目标2-2（学生）,,,,,,アイデンティティ目標 2-2 (学生),정체성 목표 2-2 (학생)
集齐能量球，可以获得一层保护壳,Collect all the Orbs to obtain a protective shell.,集齐能量球，可以获得一层保护壳,,,,,,エネルギーボールを集めて保護シェルを入手,에너지 볼을 모아 보호 껍질을 얻으세요
身份目标（凶手）,Identity Target (Murderer),身份目标（凶手）,,,,,,ターゲット（殺人者）の正体,신원 대상(살인자)
这里是你本局的目标，在对局结束前完成目标才能获得胜利,Here is your goal in this match. Complete the goal before the game is over to win.,这里是你本局的目标，在对局结束前完成目标才能获得胜利,,,,,,このゲームの目標は次のとおりです。ゲーム終了前に目標を達成すると勝利できます。,이 게임의 목표는 다음과 같습니다. 게임이 끝나기 전에 목표를 완료하면 승리할 수 있습니다.
身份目标（侦探）,Identity Target (Detective),身份目标（侦探）,,,,,,アイデンティティターゲット（探偵）,신원 대상(탐정)
身份目标（英雄）,Identity Goal (Hero),身份目标（英雄）,,,,,,アイデンティティターゲット（ヒーロー）,신원 대상(영웅)
你有了新的目标，击杀凶手，保护学生,You have a new goal: slay the Murderer and protect the students.,你有了新的目标，击杀凶手，保护学生,,,,,,殺人犯を殺し、生徒たちを守るという新たな目標ができました,당신은 새로운 목표를 가지고 있습니다. 살인자를 죽이고 학생들을 보호하는 것입니다.
身份名称（侦探）,Identity Name (Detective),身份名称（侦探）,,,,,,アイデンティティネーム（探偵）,신원 이름 (탐정)
身份名称（凶手）,Identity Name (Murderer),身份名称（凶手）,,,,,,アイデンティティ名（殺人者）,신원 이름 (살인자)
身份名称（英雄）,Identity Name (Hero),身份名称（英雄）,,,,,,アイデンティティ名（主人公）,아이덴티티 이름(영웅)
恭喜你拾取到武器，现在你成为了一名英雄,You have picked up the weapon. Now you become the Hero!,恭喜你拾取到武器，现在你成为了一名英雄,,,,,,武器を手に入れたおめでとうございます、これであなたもヒーローです,무기 획득을 축하합니다. 이제 당신은 영웅입니다
第一次吃到金币,First taste of gold coins,第一次吃到金币,,,,,,初めてゴールドコインを獲得する,처음으로 금화를 획득하세요
金币,Gold Coin,金币,,,,,,金,금
本局游戏内获得的金币将存储在这里，结算时会发放给你；不过金币袋是有上限的，袋子装满就无法获得了,Coins obtained in the game will be stored here and issued to you during the checkout; please note that there is a limited capacity for the coin bag!,本局游戏内获得的金币将存储在这里，结算时会发放给你；不过金币袋是有上限的，袋子装满就无法获得了,,,,,,このゲームで入手した金貨はここに保管され、決済時に配布されますが、金貨袋には上限があり、袋がいっぱいになると入手できません。,"본 게임에서 획득한 금화는 여기에 보관되며 정산 시 배포됩니다. 단, 금화 가방에는 상한선이 있어 가방이 가득 차면 획득할 수 없습니다."
金币袋满了,The coin bag is full.,金币袋满了,,,,,,金貨袋がいっぱいです,금화주머니가 꽉 찼어요
金币袋已经满了，本局无法再拾取金币了,The coin bag is full. No more coins can be collected in this round.,金币袋已经满了，本局无法再拾取金币了,,,,,,このゲームでは金貨袋がいっぱいです。これ以上金貨を拾うことはできません。,금화 가방이 가득 찼습니다. 이 게임에서는 더 이상 금화를 주울 수 없습니다.
切换引导（凶手）,Switch Guide (Murderer),切换引导（凶手）,,,,,,スイッチブーツ（殺人者）,스위치 부팅(살인자)
攻击,Attack,攻击,,,,,,攻撃,공격
点击这里可以切换姿态，选择亮出武器或藏起武器,Tap here to switch positions to show or hide your weapon,点击这里可以切换姿态，选择亮出武器或藏起武器,,,,,,ここをクリックして姿勢を切り替え、武器を表示するか非表示にするかを選択します,자세를 전환하고 무기를 표시하거나 숨기려면 여기를 클릭하세요.
攻击引导（凶手）,Attack Guide (Murderer),攻击引导（凶手）,,,,,,攻撃誘導（殺人者）,공격유도(살인자)
在亮出武器后，可以点击这里进行攻击,"After showing your weapon, tap here to attack",在亮出武器后，可以点击这里进行攻击,,,,,,武器を公開したら、ここをクリックして攻撃できます,무기를 공개한 후 여기를 클릭하여 공격할 수 있습니다.
切换引导（侦探）,Switch Guide (Detective),切换引导（侦探）,,,,,,スイッチガイド(探偵),스위치 가이드(탐정)
攻击引导（侦探）,Attack Guide (Detective),攻击引导（侦探）,,,,,,攻撃指導（探偵）,공격유도(탐정)
切换引导（英雄）,Switch Guide (Hero),切换引导（英雄）,,,,,,スイッチブート（ヒーロー）,스위치 부팅(영웅)
攻击引导（英雄）,Attack Guide (Hero),攻击引导（英雄）,,,,,,攻撃誘導(ヒロイック),공격 유도(영웅)
保护壳(学生）,Protective Shell (student),保护壳(学生）,,,,,,保護ケース（学生用）,보호케이스(학생)
保护壳,Protective Shell,保护壳,,,,,,保護ケース,보호 케이스
恭喜你集齐了道具！现在你获得了一个保护壳！保护壳可以为你抵挡一次来自其他玩家的攻击，但是每局游戏只能获得一次,"Congratulations! You've collected all the items! Now you have a protective shell! The shell can protect you from one attack from other players, but you only get one attack per game.",恭喜你集齐了道具！现在你获得了一个保护壳！保护壳可以为你抵挡一次来自其他玩家的攻击，但是每局游戏只能获得一次,,,,,,すべての小道具の収集おめでとうございます!今なら保護ケースも付いてきます！保護シェルは他のプレイヤーからの攻撃から身を守ることができますが、それを取得できるのはゲームごとに 1 回だけです。,모든 소품을 수집하신 것을 축하드립니다! 이제 보호 케이스를 얻으세요! 보호 껍질은 다른 플레이어의 공격으로부터 당신을 보호할 수 있지만 게임당 한 번만 얻을 수 있습니다.
圈出结算界面,Zone Settlement,圈出结算界面,,,,,,チェックアウトインターフェイスを丸で囲みます,결제 인터페이스에 동그라미를 쳐주세요
结算,Settlement,结算,,,,,,決済,합의
现在你的第一局游戏已经结束，来看看结算面板吧,"Now that your first match is over, take a look at the checkout panel!",现在你的第一局游戏已经结束，来看看结算面板吧,,,,,,最初のゲームが終わったので、決済パネルを見てみましょう。,이제 첫 번째 게임이 끝났으니 정산 패널을 살펴보겠습니다.
圈出结算标语,Circular Settlement Slogan,圈出结算标语,,,,,,チェックアウトのスローガンを丸で囲みます,결제 슬로건에 동그라미를 쳐주세요
这里说明了对局的最终结果,Here is the final result of the match,这里说明了对局的最终结果,,,,,,試合の最終結果はこちら,게임의 최종 결과는 다음과 같습니다
圈出结算关键信息,Circle key settlement information,圈出结算关键信息,,,,,,サークルキー決済情報,서클키 정산 안내
这里显示了对对局产生影响最大的两方玩家和他们的胜负,Here are the two players who had the most impact on the game and their victories and losses.,这里显示了对对局产生影响最大的两方玩家和他们的胜负,,,,,,試合に最も大きな影響を与えた2人のプレイヤーとその勝敗を示します。,이는 게임에 가장 큰 영향을 미친 두 선수와 그들의 승패를 보여줍니다.
圈出结算收益,Circle Settlement Income,圈出结算收益,,,,,,サークル決済収益,서클 정산 수익
这里显示了你在本轮对局获得的收益,Here is the payoff you made in this match,这里显示了你在本轮对局获得的收益,,,,,,これは、このラウンドでどれだけ得たかを示します。,이것은 이번 라운드에서 당신이 얼마나 얻었는지 보여줍니다.
侦探/凶手死亡提示（凶手/侦探）,Detective/Murderer Death Hint (Murderer/Detective),侦探/凶手死亡提示（凶手/侦探）,,,,,,探偵/殺人の死亡ヒント (殺人者/探偵),형사/살인 사망 팁(살인자/형사)
死亡,Dead,死亡,,,,,,死ぬ,주사위
代表正义的你不可以乱开枪，攻击好人会导致自己死亡,"On behalf of justice, you can't shoot indiscriminately. Attacking any Civilian will lead to death.",代表正义的你不可以乱开枪，攻击好人会导致自己死亡,,,,,,正義の代表者として、善人を無差別に撃つことは自らの死に繋がる。,정의의 대표자로서 선량한 사람을 공격하면 스스로 죽음을 맞이할 수 없습니다.
风暴女,Stormgirl,风暴女,,,,,,ストームウーマン,스톰 우먼
绯红女巫,Crimson Witch,绯红女巫,,,,,,緋色の魔女,스칼렛 마녀
黑寡妇,Black Widow,黑寡妇,,,,,,ブラック・ウィドウ,흑인 과부
惊奇队长,Captain Marvel,惊奇队长,,,,,,キャプテン・マーベル,캡틴 마블
神奇女侠,Wonder Woman,神奇女侠,,,,,,神奇女侠,원더 우먼
女战士,Female Warrior,女战士,,,,,,女戦士,여전사
魔法女孩,Magic Girl,魔法女孩,,,,,,魔法少女,마법 소녀
战士服,Warrior Suit,战士服,,,,,,戦士の制服,전사 유니폼
紧身作战服,Tight Combat Suit,紧身作战服,,,,,,ピチピチ戦闘服,타이트한 전투복
塞西亚套装,Thessian Suit,塞西亚套装,,,,,,スキタイのスーツ,스키타이 슈트
男式紧身服,Men's Tights,男式紧身服,,,,,,男性用タイツ,남성용 타이츠
道服,Practice Uniform,道服,,,,,,従う,순종하다
男作战服,Male Combat Uniform,男作战服,,,,,,男性の戦闘服,남자 전투복
雷电战士服饰,Thunder Warrior Costume,雷电战士服饰,,,,,,雷戦士コスチューム,썬더 워리어 코스튬
鱼族战士服,Fish Warrior,鱼族战士服,,,,,,魚戦士の制服,물고기 전사 유니폼
法师服饰,Mage Costumes,法师服饰,,,,,,メイジコスチューム,마법사 코스튬
面具骑士服,Masked Knight Suit,面具骑士服,,,,,,仮面騎士スーツ,마스크 나이트 슈트
黑夜战士服,Black Night Warrior Suit,黑夜战士服,,,,,,ブラック・ナイト・ウォリアー・スーツ,블랙 나이트 워리어 수트
黄金战甲,Golden Armor,黄金战甲,,,,,,黄金の鎧,황금 갑옷
蝙蝠侠,Batman,蝙蝠侠,,,,,,バットマン,말 당번
超人,Superman,超人,,,,,,超人,초인
毒液,Venom,毒液,,,,,,毒液,독액
恶灵骑士,Evil Knight,恶灵骑士,,,,,,ゴーストライダー,고스트 라이더
钢铁侠,Steel Man,钢铁侠,,,,,,アイアンマン,철인
海王,Aquaman,海王,,,,,,海王,바다의 왕
黑豹,Black Panther,黑豹,,,,,,ブラックパンサー,블랙 팬더
金刚狼,Wolvie,金刚狼,,,,,,ウルヴァリン、コミックのスーパーヒーロー,코믹북 슈퍼히어로 울버린
雷神,Thor,雷神,,,,,,雷神,토르
洛基,Loki,洛基,,,,,,ロキ,로키
绿灯侠,Green Lantern,绿灯侠,,,,,,グリーン・ランタン,그린 랜턴
绿巨人,Hulk,绿巨人,,,,,,ハルク,폐선
美国队长,Captain America,美国队长,,,,,,キャプテン・アメリカ,캡틴 아메리카
灭霸,Thamos,灭霸,,,,,,ビッグマック（マクドナルド）,빅맥(맥도날드)
奇异博士,Doctor Strange,奇异博士,,,,,,ドクター・ストレンジ,닥터 스트레인지
闪电侠,Flash,闪电侠,,,,,,フラッシュ,플래시
死侍,Deathrattle,死侍,,,,,,デッドプール,데드풀(비디오 게임 시리즈)
万磁王,Magneto,万磁王,,,,,,マグニートー,마그네토
蚁人,Ant Man,蚁人,,,,,,アントマン,앤트맨
鹰眼,Eagle Eye,鹰眼,,,,,,鷹の目,독수리의 눈
蜘蛛侠,Spider Person,蜘蛛侠,,,,,,スパイダーマン,스파이더맨
尾巴,Tail,尾巴,,,,,,しっぽ,꼬리
孔雀尾巴,Peacock Tail,孔雀尾巴,,,,,,孔雀の尾,공작의 꼬리
狐狸尾巴,Fox Tail,狐狸尾巴,,,,,,キツネの尻尾,여우 꼬리
人鱼尾巴,Mermaid Tail,人鱼尾巴,,,,,,人魚の尾,인어의 꼬리
圣诞节女,Christmas Girl,圣诞节女,,,,,,クリスマスの女の子,크리스마스 소녀
煎饼狗子,Pancake Dog,煎饼狗子,,,,,,パンケーキドッグ,팬케이크 개
新年双马尾女,New Year Twin Tails,新年双马尾女,,,,,,新年ダブルポニーテールの女の子,새해 더블 포니테일 소녀
新年女,New Year Girl,新年女,,,,,,新年の女の子,새해 소녀
雪人001,Snowman 001,雪人001,,,,,,雪だるま001,눈사람 001
新年女青年,New Year Girl,新年女青年,,,,,,新年の若い女性たち,새해를 맞이하는 젊은 여성
万圣节女,Halloween Girl,万圣节女,,,,,,ハロウィン女性,할로윈 여성
圣诞服装,Christmas Costumes,圣诞服装,,,,,,クリスマスの衣装,크리스마스 의상
圣诞公主裙,Christmas Princess Skirt,圣诞公主裙,,,,,,クリスマス・プリンセス・ドレス,크리스마스 공주 드레스
圣诞装,Christmas Outfit,圣诞装,,,,,,クリスマスの衣装,크리스마스 복장
春节时装,Spring Festival,春节时装,,,,,,春節ファッション,봄 축제 패션
雪人装,Snowman,雪人装,,,,,,雪だるまの衣装,눈사람 의상
新年装,New Year's Wear,新年装,,,,,,正月の服装,새해 의류
兔子套装,Bunny Suit,兔子套装,,,,,,ウサギのスーツ,토끼 옷
摇滚歌手服饰,Rocker Outfit,摇滚歌手服饰,,,,,,ロック歌手の服,록 가수 의류
圣诞老人服,Santa Suit,圣诞老人服,,,,,,サンタスーツ,산타복
巫医服饰,Wizard Doctor Costume,巫医服饰,,,,,,魔女の医者の衣装,마녀 의사 의상
教廷服饰,Holy See Outfit,教廷服饰,,,,,,バチカンの衣服,바티칸 의류
鬼脸套装,Ghost Face Suit,鬼脸套装,,,,,,ゴーストフェイス・スーツ,고스트 페이스 슈트
圣诞老人套装,Santa Suit,圣诞老人套装,,,,,,サンタスーツ,산타복
鸡蛋套装,Egg Suit,鸡蛋套装,,,,,,たまごセット,계란 세트
圣诞老人,Santa,圣诞老人,,,,,,サンタクロース,산타클로스
凌羽琪,Pinkie Ling,凌羽琪,,,,,,リン・ユーチー,링 우치
新年男,New Year Male,新年男,,,,,,新年の男,새해 남자
新年男青年,Young Man,新年男青年,,,,,,新年の若者たち,새해를 맞이하는 젊은 남성
新年男中年,New Year's Eve,新年男中年,,,,,,新年 男性 中年,새해 남성 중년
新年男005,New Year Male 005,新年男005,,,,,,新年 男性 005,새해 남성 005
10000：新手引导表,"10,000: Beginner's Guide",10000：新手引导表,,,,,,10000: 初心者向けガイドシート,10000: 초보자 가이드 시트
20000：身份属性表,20000: Identity Attribute Sheet,20000：身份属性表,,,,,,20000: アイデンティティ属性テーブル,20000: ID 속성 테이블
当前人数不足,Current numbers are insufficient.,当前人数不足,,,,,,現時点では人が足りません,지금은 인원이 부족해요
30000：文本表,30000: Photo Gallery,30000：文本表,,,,,,30000: テキストテーブル,30000: 텍스트 테이블
对局进行中,Game in progress,对局进行中,,,,,,ゲームが進行中です,게임이 진행 중입니다.
等待对局开始,Waiting for the match to start,等待对局开始,,,,,,ゲームが始まるまで待ちます,게임이 시작될 때까지 기다리세요
游戏开始倒计时...,Game starts in...,游戏开始倒计时...,,,,,,ゲームはカウントダウンを開始します...,게임의 카운트다운이 시작됩니다...
对局结束倒计时,Match ends in...,对局结束倒计时,,,,,,試合終了までのカウントダウン,게임 종료까지의 카운트다운
成为凶手的概率：,Murderer probability:,成为凶手的概率：,,,,,,殺人者になる確率:,살인자가 될 확률:
（参与对局将增加概率）,(Participating in the game will increase the probability),（参与对局将增加概率）,,,,,,(ゲームに参加すると確率が上がります),(게임에 참여하면 확률이 높아집니다)
你的身份,Your Identity,你的身份,,,,,,あなたのアイデンティティ,당신의 정체성
你死了,You're dead.,你死了,,,,,,あなたは死んでいます,당신은 죽었어
击杀所有人{0}/{1},Slay everyone{0}/{1},击杀所有人{0}/{1},,,,,,全員殺せ{0}/{1},모두 죽여라{0}/{1}
击杀凶手{0}/{1},Slay Murderer{0}/{1},击杀凶手{0}/{1},,,,,,殺人者を殺せ{0}/{1},살인자를 죽여라{0}/{1}
收集隐秘的能量球{0}/{1},Collect hidden Orbs{0}/{1},收集隐秘的能量球{0}/{1},,,,,,隠されたエネルギーボールを集める{0}/{1},숨겨진 에너지볼을 모아보세요{0}/{1}
时间到！,Time's up!,时间到！,,,,,,時間切れです！,시간이 다 됐어!
凶手大杀特杀！,Murderer Massacre!,凶手大杀特杀！,,,,,,殺人者は連続殺人を行った！,살인자는 살인을 계속했습니다!
凶手轻松解决了所有人！,The Murderer has eliminated everyone!,凶手轻松解决了所有人！,,,,,,殺人者は簡単に全員を殺した！,살인자는 쉽게 모두를 죽였습니다!
侦探逮捕了凶手！,The Detective has arrested the Murderer!,侦探逮捕了凶手！,,,,,,刑事が犯人を逮捕した！,형사들이 범인을 체포했습니다!
一位英雄出现并逆转了局面！,A hero appeared and reversed the situation!,一位英雄出现并逆转了局面！,,,,,,ヒーローが現れて窮地を救う！,영웅이 나타나 세상을 구해줍니다!
凶手似乎遗漏了什么...,The Murderer seems to have missed something...,凶手似乎遗漏了什么...,,,,,,犯人は何かを忘れたようだ...,범인은 뭔가를 놓친 것 같습니다...
合宿谜团,Homestay Mystery,合宿谜团,,,,,,滞在ミステリー,미스터리를 유지하다
开始,Start,开始,,,,,,始める,시작
观战,Spectate,观战,,,,,,試合を見る,게임 시청
观战倒计时,Countdown,观战倒计时,,,,,,カウントダウンを見る,카운트다운 보기
他的身份是,Their identity is,他的身份是,,,,,,彼の正体は、,그의 정체성은
加载中...,Loading...,加载中...,,,,,,読み込み中...,로드 중...
货币不足,Insufficient currency,货币不足,,,,,,お金が足りない,돈이 부족하다
商店免费,Shop Free,商店免费,,,,,,ショップ・フリー,무료 쇼핑
凶手专用,For Murderer,凶手专用,,,,,,殺人者専用,살인자에게만
侦探专用,For Detective,侦探专用,,,,,,探偵専用,형사들에게만
枪,Gun,枪,,,,,,銃,총
刀,Knife,刀,,,,,,刀,칼
挂件,Pendant,挂件,,,,,,ペンダント,펜던트
购买,Purchase,购买,,,,,,買う,구입하다
使用,Use,使用,,,,,,使用,사용
脱下,Take Off,脱下,,,,,,脱ぐ,이륙하다
购买物品,Purchase,购买物品,,,,,,アイテムを購入する,아이템 구매
确定,Confirm,确定,,,,,,もちろん,확신하는
点击任意一处返回,Tap anywhere to return,点击任意一处返回,,,,,,戻るには任意の場所をクリックしてください,돌아가려면 아무 곳이나 클릭하세요.
购买成功,Purchase successful!,购买成功,,,,,,購入が成功しました,구매 성공
地图已选出,Map selected,地图已选出,,,,,,選択されたマップ,지도가 선택됨
随机地图中,Random Map,随机地图中,,,,,,ランダムマップで,무작위 지도에서
拖尾,Trails,拖尾,,,,,,尾行,미행
观看广告领取额外奖励,Watch ads to receive bonus rewards,观看广告领取额外奖励,,,,,,広告を視聴して追加の報酬を受け取りましょう,광고를 시청하고 추가 보상을 받으세요
观看广告领取补偿,Watch ads to receive compensation,观看广告领取补偿,,,,,,広告の視聴で報酬を得る,광고 시청 보상 받기
恭喜获得,Obtained!,恭喜获得,,,,,,獲得おめでとうございます,획득 축하드립니다
时间还没到，再等一下才能获得哦~,"Not time yet, please wait a bit longer.",时间还没到，再等一下才能获得哦~,,,,,,まだ時間が来ていないので、届くまでもう少し待ってください〜,아직 시간이 안됐으니 조금만 더 기다려주세요~
今天已经得到很多奖励了，明天再来吧~,You've got a lot of rewards today. Come back tomorrow!,今天已经得到很多奖励了，明天再来吧~,,,,,,今日はたくさんの報酬を受け取りました、明日も来てください~,오늘 보상 많이 받았어요 내일 또 오세요~
存在,Surviving,存在,,,,,,存在する,존재하다
存活经验+{0}EXP,Survival Experience +{0} EXP,存活经验+{0}EXP,,,,,,サバイバル体験+{0}経験値,서바이벌 경험+{0}경험치
奖励,Reward,奖励,,,,,,賞,상
本局身份,Identity,本局身份,,,,,,この事務所のアイデンティティ,이 사무실의 아이덴티티
收集金币,Collect Coins,收集金币,,,,,,金貨を集める,금화를 모아보세요
消灭了{0}名学生！,Eliminated {0}students!,消灭了{0}名学生！,,,,,,一掃された{0}学生たち！,전멸{0}재학생!
已存活{0}分{1}秒,Survived for {0}min{1} s,已存活{0}分{1}秒,,,,,,すでに生きています{0}ポイント{1}2番,이미 살아있다{0}가리키다{1}두번째
拯救了{0}位学生,Saved {0} student,拯救了{0}位学生,,,,,,保存されました{0}学生,저장됨{0}재학생
× 1.5 ( 胜利奖励),× 1.5 (Victory Reward),× 1.5 ( 胜利奖励),,,,,,×1.5(勝利報酬),× 1.5 (승리 보상)
+ 900 ( 胜利奖励),+ 900 (Victory Reward),+ 900 ( 胜利奖励),,,,,,+900(勝利報酬),+ 900 (승리 보상)
观看广告，获得双倍金币！,Watch ads to get double gold!,观看广告，获得双倍金币！,,,,,,広告を見てコインを2倍ゲット！,광고를 시청하고 코인을 두 배로 받으세요!
UI按钮上的文字,Text on UI Buttons,UI按钮上的文字,,,,,,UIボタン上のテキスト,UI 버튼의 텍스트
观看,Watch,观看,,,,,,時計,보다
抽奖,Lottery,抽奖,,,,,,宝くじ,운
武器箱,Weapon Chest,武器箱,,,,,,武器箱,무기 상자
观看广告，免费抽奖一次,Watch ads to get a free lottery,观看广告，免费抽奖一次,,,,,,広告を見て無料の抽選を獲得しましょう,광고를 시청하고 무료 추첨을 받으세요
距离下次免费：,Next free lottery in:,距离下次免费：,,,,,,次回は無料です:,다음번에는 무료입니다:
累计抽奖,Cumulative Lottery,累计抽奖,,,,,,累積抽選,누적 복권 추첨
下次必得红色品质武器,Guaranteed RED-quality weapon next time!,下次必得红色品质武器,,,,,,次回は赤品質の武器を入手する必要があります,다음에는 빨간색 품질의 무기를 구해야 합니다
正在打开箱子...,Opening the chest...,正在打开箱子...,,,,,,箱を開けると…,상자를 열다...
已拥有，自动回收为金币,"Repeated item, it has been recycled as coins.",已拥有，自动回收为金币,,,,,,すでに所有しており、自動的に金貨として回収されます,이미 보유하고 있으며 자동으로 금화로 회수됩니다.
击败所有人，一个也不要放过！,"Defeat everyone, don't let any of them go!",击败所有人，一个也不要放过！,,,,,,全員を倒せ、誰も離さない！,그들 모두를 물리치고 누구도 놓아주지 마세요!
你是侦探，寻找凶手并击败他！,"You are the Detective, find the Murderer and defeat him!",你是侦探，寻找凶手并击败他！,,,,,,あなたは探偵で、殺人者を見つけて倒してください!,당신은 형사입니다. 살인자를 찾아 그를 물리치세요!
你化身英雄，找到凶手击败他！,"You become the Hero, find the Murderer and defeat him!",你化身英雄，找到凶手击败他！,,,,,,あなたはヒーローになって、殺人者を見つけて倒します!,당신은 영웅이 되어 살인자를 찾아 물리쳐보세요!
活下去...,Stay alive...,活下去...,,,,,,生きててね…,살아있어라...
本轮终结者！,Terminator!,本轮终结者！,,,,,,この回のターミネーター！,이번 라운드의 종결자!
请先拿出武器！,Please take out your weapon first!,请先拿出武器！,,,,,,まずは武器を出してください！,먼저 무기를 꺼내주세요!
40000：提示表,40000: Photo Gallery,40000：提示表,,,,,,40000: プロンプトテーブル,40000: 프롬프트 테이블
变成了英雄！可以拿出武器攻击了！,Turned into a Hero! You can now attack with your weapon!,变成了英雄！可以拿出武器攻击了！,,,,,,ヒーローになった！武器を取り出して攻撃することもできます！,영웅이 되었습니다! 무기를 꺼내 공격할 수 있어요!
收集能量球数量+1~,Collect Orbs + 1,收集能量球数量+1~,,,,,,エナジーボール集め数+1~,에너지볼 모은 개수 +1~
本局获得能量球数量已满！,Orbs are full.,本局获得能量球数量已满！,,,,,,このゲームで獲得できるエナジーボールの数は満タンです！,이번 라운드에서 획득한 에너지볼 개수가 가득 찼습니다!
获得了能量保护壳！可以抵挡一次攻击！,Obtained a protective shell! Withstand an attack!,获得了能量保护壳！可以抵挡一次攻击！,,,,,,エネルギー保護シェルを手に入れました！攻撃にも耐えられる！,에너지 보호 껍질을 얻었습니다! 공격에도 견딜 수 있다!
能量保护壳被击碎了！小心！,The energy shield is broken! Careful!,能量保护壳被击碎了！小心！,,,,,,エネルギーを守る殻は砕け散った！注意深い！,에너지 보호 껍질이 부서졌습니다! 주의 깊은!
保护壳的能量被吸收了...,The energy of the protective shell is absorbed...,保护壳的能量被吸收了...,,,,,,保護殻のエネルギーが吸収されて…,보호막의 에너지가 흡수됩니다...
金币袋已满！,The coin bag is full!,金币袋已满！,,,,,,小銭入れがいっぱいになりました！,코인백이 꽉 찼어요!
有人倒下了！,Someone has fallen!,有人倒下了！,,,,,,誰かが倒れている！,누군가 쓰러졌어요!
侦探死亡了，找找他的武器吧！,"The Detective is dead, look for his weapon!",侦探死亡了，找找他的武器吧！,,,,,,刑事は死んだ、武器を探せ！,형사가 죽었습니다. 그의 무기를 찾으세요!
当前没有正在进行的对局！,There are currently no ongoing matches!,当前没有正在进行的对局！,,,,,,現在進行中の試合はありません。,현재 진행중인 경기가 없습니다!
密码输入正确,Correct password.,密码输入正确,,,,,,パスワードが正しく入力されました,비밀번호를 올바르게 입력했습니다
密码输入错误！,Wrong password!,密码输入错误！,,,,,,パスワードが間違って入力されました!,비밀번호가 잘못 입력되었습니다!
免费抽取武器皮肤，点击前往！,Tap to draw a free weapon skin,免费抽取武器皮肤，点击前往！,,,,,,武器スキンを無料で描画し、クリックして移動してください!,무료로 무기 스킨을 그려보세요. 클릭해서 이동하세요!
广告冷却中,Ad cooling,广告冷却中,,,,,,広告のクールダウン,광고가 식어가는 중
小刀,Pocket Knife,小刀,,,,,,ナイフ,칼
50000：武器表,50000: Photo Gallery,50000：武器表,,,,,,50000: 武器テーブル,50000: 무기 테이블
左轮手枪,Revolver,左轮手枪,,,,,,リボルバー,리볼버
消防斧,Fire Axe,消防斧,,,,,,消防斧,소방 도끼
尼泊尔军刀,Nepalese Army Knife,尼泊尔军刀,,,,,,ネパールアーミーナイフ,네팔 군용 칼
冲锋枪,Submachine Gun,冲锋枪,,,,,,サブマシンガン,기관단총
步枪,Rifle,步枪,,,,,,ライフル,소총
暗杀匕首,Assassination Dagger,暗杀匕首,,,,,,暗殺の短剣,암살 단검
求生匕首,Survival Dagger,求生匕首,,,,,,サバイバルダガー,생존 단검
菜刀,Kitchen Knife,菜刀,,,,,,包丁,부엌칼
镖(波),Dart (Wave),镖(波),,,,,,ダーツ（ウェーブ）,다트(파)
镖(桎),Dart (S),镖(桎),,,,,,ダーツ(桎),다트(桎)
镖(碎),Dart (Shard),镖(碎),,,,,,ダーツ（壊れた）,다트(깨짐)
镖(漩),Dart (Vortex),镖(漩),,,,,,ダーツ（ジェットバス）,다트(소용돌이)
镖(气),Dart (Qi),镖(气),,,,,,ダーツ(気),다트(기)
镖(激荡),Dart (Surge),镖(激荡),,,,,,ダーツ（アジテーション）,다트(교반)
镖(封印),Dart (Seal),镖(封印),,,,,,ダーツ（シール）,다트(씰)
镖(轮回),Dart (Karma),镖(轮回),,,,,,ダーツ（転生）,다트 (환생)
狗鱼,Dogfish,狗鱼,,,,,,パイク,단창
毛鼻鲶,Catfish,毛鼻鲶,,,,,,毛深い鼻のナマズ,털이 많은 코 메기
金鱼,Goldfish,金鱼,,,,,,金魚,금붕어
金枪鱼,Tuna,金枪鱼,,,,,,マグロ,참치
龙虾,Lobster,龙虾,,,,,,ロブスター,새우
皇带鱼,Oarfish,皇带鱼,,,,,,リュウグウノツカイ,산갈치
神奇海螺,Magic Conch,神奇海螺,,,,,,魔法の巻き貝,마술 소라
海王三叉戟,Aquaman's Trident,海王三叉戟,,,,,,ネプチューンのトライデント,해왕성의 삼지창
飞镖武器箱,Dart Chest,飞镖武器箱,,,,,,ダーツ武器ボックス,다트 무기 상자
武器箱子名称,Weapon Chest Name,武器箱子名称,,,,,,武器箱の名前,무기 상자 이름
深海武器箱,Deep Sea Chest,深海武器箱,,,,,,深海兵器ボックス,심해 무기 상자
60000：AI数据表,60000: AI Data Sheet,60000：AI数据表,,,,,,60000: AI データシート,60000: AI 데이터 시트
大厅,Hall,大厅,,,,,,ホール,홀
邮轮之旅,Cruise Journey,邮轮之旅,,,,,,クルーズ,크루즈
关卡地图名称,Level Map Name,关卡地图名称,,,,,,レベルマップ名,레벨 맵 이름
樱花咖啡馆,Sakura Cafe,樱花咖啡馆,,,,,,サクラカフェ,사쿠라 카페
运输船,Ship,运输船,,,,,,輸送船,운송 선박
烟雾,Smoke,烟雾,,,,,,煙,연기
拖尾道具,Trails,拖尾道具,,,,,,後続の小道具,후행 소품
紫电,Purple Aura,紫电,,,,,,ジディアン,지디안
雷霆,Thunder,雷霆,,,,,,雷霆,우뢰
清风,Breeze,清风,,,,,,涼しい風,시원한 바람
虹彩,Rainbow,虹彩,,,,,,虹色,무지개 빛
梦幻,Dreamy,梦幻,,,,,,夢,꿈
温柔学姐,Gentle Senior,温柔学姐,,,,,,優しいお姉さん,상냥한 언니
套装名称,Outfit Name,套装名称,,,,,,パッケージ名,패키지 이름
风纪委员,Ethics Committee,风纪委员,,,,,,風紀委員会,징계위원회
不良少女,Bad Gal,不良少女,,,,,,悪い女の子,나쁜 여자
韩式淑女,Miss Korea,韩式淑女,,,,,,韓国人女性,한국 아가씨
可爱学妹,Cute Senior,可爱学妹,,,,,,かわいい女子高生,귀여운 여고생
奇幻少女,Pixie Girl,奇幻少女,,,,,,ファンタジーガール,판타지 소녀
温柔学长,Gentle Senior,温柔学长,,,,,,優しい先輩,온화한 선배
不良少年,Bad Boy,不良少年,,,,,,非行少年,불량소년
啦啦队长,Cheerleader,啦啦队长,,,,,,チアリーダー,치어리더
艺术生,Art Student,艺术生,,,,,,美術学生,미술 학생
二次元少女,Dimensional Girl,二次元少女,,,,,,二次元の女の子,2차원 소녀
英语老师,English Teacher,英语老师,,,,,,英語の先生,영어 선생님
正义少年,Justice Boy,正义少年,,,,,,正義の少年,정의로운 소년
潮流少女,Stylish Girl,潮流少女,,,,,,トレンディな女の子,트렌디한 소녀
学生会长,Student President,学生会长,,,,,,生徒会長,학생회장
女老师,Female Teacher,女老师,,,,,,女教師,여교사
班主任,Head Teacher,班主任,,,,,,校長,교장 선생님
海边姐姐,Beach Sister,海边姐姐,,,,,,海辺の妹,해변의 여동생
邻家妹妹,Sister Next Door,邻家妹妹,,,,,,隣のお姉さん,옆집 언니
健身教练,Fitness Trainer,健身教练,,,,,,フィットネスコーチ,피트니스 코치
优雅少女,Elegant Chic,优雅少女,,,,,,エレガントな女の子,우아한 소녀
探险家,Explorer,探险家,,,,,,エクスプローラ,탐침
民国学生,History Student,民国学生,,,,,,中華民国の学生,중화민국 학생
可可少女,Coco Girl,可可少女,,,,,,ココアガール,코코아 소녀
猫猫店员,Cat Clerk,猫猫店员,,,,,,猫ショップ店員,고양이 가게 점원
女仆甜心,Sweet Maid,女仆甜心,,,,,,メイドの恋人,하녀 연인
猫耳女仆,Cat Maid,猫耳女仆,,,,,,猫耳メイドさん,고양이 귀 하녀
少女偶像,Girl Idol,少女偶像,,,,,,女の子アイドル,여자아이돌
圣诞少女,Christmas Girl,圣诞少女,,,,,,クリスマスの女の子,크리스마스 소녀
女巫,Witch,女巫,,,,,,魔女,마녀
骑士,Knight,骑士,,,,,,騎士,기사
恶魔,Demon,恶魔,,,,,,悪魔,악마
魔鬼,Devil,魔鬼,,,,,,魔鬼,악마
我是{1}~,I am {1}!,我是{1}~,,,,,,私は{1}～,그래요{1}~
救命！,Help!,救命！,,,,,,ヘルプ！,돕다!
谢谢你！,Thank you!,谢谢你！,,,,,,ありがとう！,감사합니다!
别刀我QAQ,Don't hurt me!,别刀我QAQ,,,,,,私を殺さないで QAQ,날 죽이지 마세요 QAQ
QAQ希望也本地化一下，换成欧美比较熟悉的颜表情,QAQ wants to customize it to look more familiar in Europe and the United States.,QAQ希望也本地化一下，换成欧美比较熟悉的颜表情,,,,,,QAQ はローカライズされ、ヨーロッパや米国でより馴染みのある表情に置き換えられることを望んでいます。,QAQ는 현지화되어 유럽과 미국에 더 친숙한 표정으로 대체되기를 희망합니다.
退！退！退！,Get back! Get back! Get back!,退！退！退！,,,,,,後退！後退！後退！,후퇴! 후퇴! 후퇴!
满分操作~,Perfect!,满分操作~,,,,,,操作性は満点〜,작동 만점~
我要开始表演了~,I'm going to start the show!,我要开始表演了~,,,,,,パフォーマンス始めますよ～,공연을 시작하겠습니다~
1.凶手有近战穿刺、远程飞刀两种方式，可以自由切换\n2.在近战状态下，靠近其他玩家并面向他们，就可以自动挥刀击杀\n3.在远程状态下，附近有可攻击的目标时，会出现瞄准标志，点击标志即可扔出飞刀,"1. The Murderer has two ways, i.e. close piercing and distant knife, which can be switched freely. 2. In the close-combat state, near other players and facing them, you can automatically wave the knife to defeat them. 3. In distance mode, when a target is nearby, an aiming sign will appear, tap the sign to throw the flying knife.",1.凶手有近战穿刺、远程飞刀两种方式，可以自由切换\n2.在近战状态下，靠近其他玩家并面向他们，就可以自动挥刀击杀\n3.在远程状态下，附近有可攻击的目标时，会出现瞄准标志，点击标志即可扔出飞刀,,,,,,1. 殺人者には近接貫通と長距離飛行ナイフの 2 つの方法があり、自由に切り替えることができます\n2. 近接状態で他のプレイヤーに近づいて対峙すると、自動的にナイフを振って殺害できます\n3.遠距離状態では、近くに敵がいる可能性があり、ターゲットを攻撃すると、マークをクリックして投げナイフを投げます。,"1. 살인자는 근접 찌르기와 장거리 날아다니는 칼의 두 가지 방법이 있으며 자유롭게 전환할 수 있습니다\n2. 근접 상태에서 다른 플레이어에게 다가가면 자동으로 칼을 휘둘러 처치할 수 있습니다\n3. 원거리 상태에서는 근처에 적이 있을 가능성이 있습니다. 대상을 공격하면 조준 표시가 나타나며, 투척칼을 던집니다."
文本长度尽量和中文一致,Try to match the length of the text with Chinese.,文本长度尽量和中文一致,,,,,,テキストの長さは中国語と可能な限り一致する必要があります。,텍스트 길이는 가능한 한 중국어와 일치해야 합니다.
1.侦探可以开枪进行射击，有两种射击方法\n2.在持枪状态下，附近有可攻击目标时，会出现瞄准标志，点击标志即可发射子弹\n3.除此之外，持枪状态下点击任意位置都可以发射子弹哦~,"1. Detectives can shoot, there are two shooting ways. 2. When holding a gun, and there is a nearby target to attack, there will be an aiming sign, tap the sign to fire bullets. 3. Also, when holding a gun, you can tap any position to fire bullets.",1.侦探可以开枪进行射击，有两种射击方法\n2.在持枪状态下，附近有可攻击目标时，会出现瞄准标志，点击标志即可发射子弹\n3.除此之外，持枪状态下点击任意位置都可以发射子弹哦~,,,,,,1. 探偵は射撃することができ、2 つの射撃方法があります\n2. 銃を構えている間、近くに攻撃可能なターゲットがある場合、マークをクリックして弾を発射します\n3.ガンモードでは、どこかをクリックして弾を発射します~,"1. 탐정이 사격할 수 있으며, 사격 방법은 두 가지가 있습니다.\n2. 총을 들고 있는 동안 근처에 공격 가능한 대상이 있으면 조준 표시가 나타나 총알을 발사합니다.\n3. 총 모드에서 아무 곳이나 클릭하면 총알이 발사됩니다~"
1.如果你是杀手/侦探，请尽量不要暴露自己的身份\n2.不要相信任何试图靠近你的人，他们很危险，时刻保持警惕\n3.假如你是平民，那么努力活下来吧,"1. If you are a murderer/detective, try not to reveal your identity. 2. Don't trust anyone who tries to get close to you, they are dangerous, always stay alert. 3. If you are a civilian, try to survive.",1.如果你是杀手/侦探，请尽量不要暴露自己的身份\n2.不要相信任何试图靠近你的人，他们很危险，时刻保持警惕\n3.假如你是平民，那么努力活下来吧,,,,,,1. あなたが殺人者/探偵の場合は、身元を明かさないようにしてください\n2. あなたに近づこうとする人は信用しないでください。彼らは危険です。常に警戒してください\n3. 民間人の場合は、次のようにしてください。生き残るために,1. 당신이 살인자/탐정이라면 신원을 밝히지 마세요.\n2. 당신에게 접근하려는 사람을 믿지 마십시오. 그들은 위험합니다. 항상 경계하십시오.\n3. 생존하기 위해
凶手淘汰了你,The murderer defeated you.,凶手淘汰了你,,,,,,殺人者はあなたを排除しました,살인자가 당신을 제거했습니다
目标错误，你被淘汰了,"Wrong target, you're eliminated.",目标错误，你被淘汰了,,,,,,ターゲットを間違えました、あなたは排除されます,대상이 잘못되었습니다. 당신은 제거되었습니다.
已被正义的警探消灭,have been eliminated by a justice detective.,已被正义的警探消灭,,,,,,正義の警察刑事によって排除された,정의로운 경찰 수사관들에 의해 제거되었습니다
能力商店,Power Store,能力商店,,,,,,アビリティストア,능력 저장소
能力详情,Power details,能力详情,,,,,,機能の詳細,기능 세부정보
动词,Verb,动词,,,,,,動詞,동사
卸下,Remove,卸下,,,,,,取り除く,제거하다
金币购买,Coin Purchase,金币购买,,,,,,金貨の購入,금화 구매
钻石购买,Diamond Purchase,钻石购买,,,,,,ダイヤモンドの購入,다이아몬드 구매
装备中,Equipped,装备中,,,,,,装備済み,갖추게 하는
指“已装备”,"Refers to """"Equipped""""",指“已装备”,,,,,,「装備されている」という意味,'갖추다'라는 뜻
已拥有,Owned,已拥有,,,,,,すでに所有しています,이미 소유함
货币不足，再攒攒吧~,"Not enough currency, save up again!",货币不足，再攒攒吧~,,,,,,お金が足りないなら、もう少し貯めてくださいね〜,돈이 부족하다면 좀 더 아껴두세요~
杀手步伐,Killer Pace,杀手步伐,,,,,,キラーペース,킬러 페이스
杀手的特殊能力名称,Killer's special ability name,杀手的特殊能力名称,,,,,,キラーの特殊能力名,킬러의 특수 능력 이름
快速投掷,Quick Throw,快速投掷,,,,,,クイックスロー,빠른 던지기
【杀手被动能力】\n当你掏出你的刀时，你的移动速度会比平时更快，提升10％,"[Murderer's Passive Ability] \nWhen you pull out your knife, your movement speed is increased by 10% faster than usual.",【杀手被动能力】\n当你掏出你的刀时，你的移动速度会比平时更快，提升10％,,,,,,[キラーパッシブアビリティ]\nナイフを取り出すと、移動速度が通常より速くなり、10% 増加します,"[킬러 패시브 능력]\n칼을 꺼내면 이동 속도가 평소보다 빨라지고, 10% 증가합니다."
【杀手被动能力】\n现在你扔出的飞刀会飞得更快，提升100％,"[Murderer's Passive Ability] \nNow your thrown flying knives will fly faster, boosted by 100%!",【杀手被动能力】\n现在你扔出的飞刀会飞得更快，提升100％,,,,,,[キラーパッシブアビリティ]\n投げた手投げナイフの飛行速度が 100% 増加します。,[킬러 패시브 능력]\n이제 당신이 던지는 투척칼이 100% 증가하여 더 빠르게 날아갑니다.
【杀手被动能力】\n当你的飞刀命中目标时，不会立即对目标造成伤害，而是在目标处埋下一颗炸弹，延迟一小段时间后会爆炸，并对周围一定范围内的玩家同样造成伤害,"[Murderer's Passive Ability] \nWhen your flying knife hits a target, it will not immediately damage the target, but plant a bomb at the target that will explode after a short delay, causing damage to players within a certain vicinity.",【杀手被动能力】\n当你的飞刀命中目标时，不会立即对目标造成伤害，而是在目标处埋下一颗炸弹，延迟一小段时间后会爆炸，并对周围一定范围内的玩家同样造成伤害,,,,,,[キラーパッシブアビリティ]\nフライングナイフがターゲットに当たると、すぐにターゲットにダメージを与えるのではなく、ターゲットに爆弾を設置し、少し遅れて爆発し、一定範囲内の周囲に影響を与えます。プレイヤーもダメージを与えます。,[킬러 패시브 능력]\n비행칼이 대상에 명중하면 대상에 즉시 피해를 입히지 않고 대상에 폭탄을 설치합니다. 폭탄은 짧은 지연 후 폭발하여 일정 범위 내의 주변 지역에 영향을 미칩니다. 플레이어도 피해를 줍니다.
彩虹马桶人,Skibidi Rainbow Toilet,彩虹马桶人,,,,,,虹のトイレ男,무지개 화장실 남자
马桶人是外网热梗，就叫skibidi toilet,Skibidi Toilet is an extranet hot spot,马桶人是外网热梗，就叫skibidi toilet,,,,,,トイレの人はインターネット上で人気のミームなので、彼はそれをスキビディトイレと呼んでいます。,화장실 사람은 인터넷에서 인기 있는 밈이어서 그는 그것을 스키비디 화장실이라고 부른다.
公主马桶人,Skibidi Princess Toilet,公主马桶人,,,,,,プリンセストイレマン,공주 화장실 남자
太空马桶人,Space Skibidi Toilet,太空马桶人,,,,,,宇宙トイレ男,우주 화장실 남자
蜘蛛马桶人,Skibidi Spider Toilet,蜘蛛马桶人,,,,,,蜘蛛のトイレ男,거미 화장실 남자
监控人,Cameraman,监控人,,,,,,モニター,감시 장치
马桶人系列，就叫这个,"Skibidi Toilet Series, that's it.",马桶人系列，就叫这个,,,,,,トイレットマンシリーズはこれといいます,화장실 남자 시리즈의 이름은 이렇습니다
音响人,Speakerman,音响人,,,,,,サウンドマン,소리나는 사람
电视人,TVman,电视人,,,,,,テレビ関係者,TV 사람
卡通音响人,Cartoon Speakerman,卡通音响人,,,,,,漫画のサウンドマン,만화 소리 남자
卡通电视人,Cartoon TVman,卡通电视人,,,,,,漫画のテレビマン,만화 텔레비젼 남자
本次更新：\n1.新增【马桶人VS监控人】系列挂件，欢迎大家去商店选购~\n2.新增【能力商店】，开放杀手局内特殊能力的配置\n3.优化了侦探、凶手的操作手感及相关界面\n4.调整大厅及关卡场景，提升性能\n5.新增还原按钮，镜头卡住的时候点一下试试吧,"This update: 1. New [Skibidi Toilet VS Cameraman] series of pendants, welcome to the shop! 2. New [Power Store], the configuration of the murderer's special abilities is now available! 3. Optimised the operating experience of detectives, murderers, and the related interface. 4. Adjusted the lobby and level scenes to improve performance. 5. New reset button, try tapping it when stuck!",本次更新：\n1.新增【马桶人VS监控人】系列挂件，欢迎大家去商店选购~\n2.新增【能力商店】，开放杀手局内特殊能力的配置\n3.优化了侦探、凶手的操作手感及相关界面\n4.调整大厅及关卡场景，提升性能\n5.新增还原按钮，镜头卡住的时候点一下试试吧,,,,,,今回のアップデート:\n1. [トイレ男 VS 監視男] シリーズのペンダントを追加しました。誰でもストアで購入できます~\n2. [アビリティ ストア] を追加し、殺人者のオフィスで特殊能力の構成を開きました\n3.探偵、殺人者の操作感と関連インターフェイス\n4. パフォーマンスを向上させるためにロビーとレベルのシーンを調整します。\n5. カメラが動かなくなったときにクリックしてみてください。,"이번 업데이트:\n1. [화장실 남자 VS 모니터링 남자] 시리즈가 추가되었습니다. 누구나 상점에서 구매하실 수 있습니다~\n2. 킬러 사무실의 특수 능력 구성이 열리게 됩니다~\n3. 형사, 살인자의 조작감 및 관련 인터페이스\n4. 로비 및 레벨 장면을 조정하여 성능 향상\n5. 복원 버튼을 추가하고 카메라가 멈췄을 때 클릭해 보세요."
有玩家进入场景失败，对局将重新开始,"A player fails to enter the scene, the game will restart.",有玩家进入场景失败，对局将重新开始,,,,,,プレイヤーがシーンに参加できなかった場合、ゲームは再度開始されます。,플레이어가 장면에 입장하지 못하면 게임이 다시 시작됩니다.
跳转,Jump,跳转,,,,,,ジャンプ,도약
暂无获取途径,No Access Yet,暂无获取途径,,,,,,まだ入手方法はありません,아직 얻을 수 있는 방법이 없습니다
科幻武器箱,Sci-Fi Chest,科幻武器箱,,,,,,SF武器ボックス,공상과학 무기 상자
神话武器箱,Mythic Chest,神话武器箱,,,,,,ミシックウェポンボックス,신화 무기 상자
奇点之枪,Singularity Gun,奇点之枪,,,,,,特異点の銃,특이점의 총
虚数之杖,Scepter of Imaginary Number,虚数之杖,,,,,,虚数のロッド,허수의 막대
光谱矛,Spectral Spear,光谱矛,,,,,,スペクトラルスピア,스펙트럼 스피어
反物质枪,Antimatter Gun,反物质枪,,,,,,反物質銃,반물질 총
光谱剑,Spectral Sword,光谱剑,,,,,,スペクトラルソード,스펙트럼 소드
光谱剑(晶红),Spectral Sword (Crystal Red),光谱剑(晶红),,,,,,スペクトラルソード(クリスタルレッド),스펙트럼 소드(크리스탈 레드)
匕首(模拟),Dagger (Analog),匕首(模拟),,,,,,ダガー(シミュレーション),단검(시뮬레이션)
军刀(模拟),Military Knife (Simulation),军刀(模拟),,,,,,セイバー（シミュレーション）,세이버(시뮬레이션)
左轮(模拟),Revolver (Simulation),左轮(模拟),,,,,,リボルバー（アナログ）,리볼버(아날로그)
冲锋枪(模拟),Submachine Gun (Simulation),冲锋枪(模拟),,,,,,サブマシンガン（シミュレーション）,기관단총(시뮬레이션)
唤雷(符文),Thunder's Call (Rune),唤雷(符文),,,,,,コールサンダー（ルーン）,천둥 부르기(룬)
逐日(符文),Sun Pursuer (Rune),逐日(符文),,,,,,太陽を追いかけて（ルーン）,태양을 쫓는 (룬)
雷神之锤,Thor's Hammer,雷神之锤,,,,,,トールのハンマー,토르의 망치
火铳,Firetrap,火铳,,,,,,ファイアガン,소방총
骨刺剑(圣),Bone Spur Sword (Saint),骨刺剑(圣),,,,,,ボーンソード(聖),뼈검(신성)
左轮(圣),Revolver (Saint),左轮(圣),,,,,,リボルバー(セント),리볼버 (세인트)
骨刺剑(恋),Bone Spur Sword (Love),骨刺剑(恋),,,,,,ボーンソード(愛),뼈검(사랑)
左轮(恋),Revolver (Love),左轮(恋),,,,,,リボルバー（愛）,리볼버 (사랑)
骨刺剑(炽),Bone Spur Sword (Blaze),骨刺剑(炽),,,,,,ボーンソード（炎）,뼈 검(불타는)
骨刺剑(霜),Bone Spur Sword (Frost),骨刺剑(霜),,,,,,ボーンソード(フロスト),뼈검(프로스트)
樱,Sakura,樱,,,,,,チェリー,벚나무
蝶,Butterfly,蝶,,,,,,蝶,나비
黄金球棍(虹彩),Golden Stick (Rainbow),黄金球棍(虹彩),,,,,,ゴールデンバット(虹色),황금박쥐(무지개빛)
黄金左轮(虹彩),Golden Revolver (Rainbow),黄金左轮(虹彩),,,,,,ゴールデンリボルバー(虹色),골든 리볼버(무지개빛)
幽灵斗篷,Ghost Cloak,幽灵斗篷,,,,,,ゴーストマント,유령 망토
【杀手主动能力】\n激活后，你可以隐身5秒，若你在隐身时击败了任何玩家，则会立即结束隐身,"[Murderer's Active Ability] \nUpon activation, you can turn invisible for 5 seconds. If you defeat any player while invisible, your invisibility will immediately end.",【杀手主动能力】\n激活后，你可以隐身5秒，若你在隐身时击败了任何玩家，则会立即结束隐身,,,,,,[キラー アクティブ アビリティ]\n発動後、5 秒間透明になることができます。透明状態でプレイヤーを倒すと、透明状態はすぐに終了します。,[킬러 액티브 능력]\n활성화 후 5초 동안 투명 상태가 될 수 있습니다. 투명 상태에서 플레이어를 처치하면 투명 상태가 즉시 종료됩니다.
兑换成功,Exchange successful!,兑换成功,,,,,,償還が成功しました,상환 성공
兑换失败,Redemption failed.,兑换失败,,,,,,引き換えに失敗しました,사용 실패
恭喜激活会员特权,Congratulations on activating Membership Privilege!,恭喜激活会员特权,,,,,,メンバーシップ特典の有効化おめでとうございます,회원권 활성화를 축하드립니다
恭喜激活超级特权,Congratulations on activating Super Privilege!,恭喜激活超级特权,,,,,,スーパー特権の有効化おめでとうございます,슈퍼 권한 활성화를 축하합니다
会员特权已到期失效,Member Privilege has expired.,会员特权已到期失效,,,,,,会員特典の有効期限が切れました,회원 자격이 만료되었습니다
超级特权已到期失效,Super Privilege has expired.,超级特权已到期失效,,,,,,スーパー特権は期限切れです,슈퍼 특권이 만료되었습니다
持有数量已经达到上限,The number of holdings has reached the upper limit.,持有数量已经达到上限,,,,,,保有数が上限に達しました,보유량이 상한에 도달했습니다
会员特权激活中,Member Privilege is activated.,会员特权激活中,,,,,,会員特典が有効化されています,회원권한이 활성화되고 있습니다
剩余激活时间{0},Remaining activation time{0},剩余激活时间{0},,,,,,残りのアクティベーション時間{0},남은 활성화 시간{0}
尚未激活会员特权,Member Privileges have not been activated.,尚未激活会员特权,,,,,,メンバー権限はまだ有効化されていません,회원권한이 아직 활성화되지 않았습니다
尚未激活超级特权,Super Privilege has not been activated.,尚未激活超级特权,,,,,,スーパー権限はまだ有効化されていません,슈퍼 권한이 아직 활성화되지 않았습니다
剩余激活时间{0}天,Remaining activation time: {0} days.,剩余激活时间{0}天,,,,,,残りのアクティベーション時間{0}空,남은 활성화 시간{0}하늘
会员特权,Member Privilege,会员特权,,,,,,会員特典,회원 특전
超级特权,Super Privilege,超级特权,,,,,,超特権,슈퍼 특권
恭喜获得广告券*1,Congratulations on getting the ad voucher *1!,恭喜获得广告券*1,,,,,,広告クーポン獲得おめでとうございます*1,광고쿠폰*1 획득을 축하합니다
土豪来啦,Welcome!,土豪来啦,,,,,,富裕層がやってくる,부자들이 온다
和上面一样,Same as above.,和上面一样,,,,,,同上,위와 동일
金钥匙数量不足,Insufficient number of golden keys.,金钥匙数量不足,,,,,,ゴールデンキーの数が不十分です,황금열쇠 개수가 부족합니다.
这个版本不支持开通大会员,Membership is not supported in this version.,这个版本不支持开通大会员,,,,,,このバージョンは大規模なメンバーシップのアクティベーションをサポートしていません,이 버전은 대규모 멤버십 활성화를 지원하지 않습니다.
紫光剑,Purple light sword,紫光剑,,,,,,紫光の剣,보라색 빛의 검
冰寒弓箭,Ice Bow,冰寒弓箭,,,,,,氷のように冷たい弓矢,얼음처럼 차가운 활과 화살
烟花拖尾,Fireworks Trail,烟花拖尾,,,,,,花火の道,불꽃놀이 코스
爆竹拖尾,Firecracker Trail,爆竹拖尾,,,,,,爆竹の後を追う,폭죽 후행
礼物拖尾,Gift Trail,礼物拖尾,,,,,,ギフトテール,선물 꼬리
糖果拖尾,Candy Trail,糖果拖尾,,,,,,キャンディトレイル,캔디 트레일
便便拖尾,Poop Trail,便便拖尾,,,,,,うんこが尾を引く,똥 후행
 火焰翅膀, Flame Wings, 火焰翅膀,,,,,, 炎の翼, 불꽃 날개
火焰翅膀,Flame Wings,火焰翅膀,,,,,,炎の翼,불꽃 날개
水系翅膀,Water Wings,水系翅膀,,,,,,アクア・ウィングス,아쿠아 윙
黑暗翅膀,Dark Wings,黑暗翅膀,,,,,,暗い翼,어두운 날개
恶魔翅膀,Demon Wing,恶魔翅膀,,,,,,悪魔の翼,악마의 날개
恶灵翅膀,Evil Spirit Wings,恶灵翅膀,,,,,,悪霊の翼,악령의 날개
天使翅膀,Angel Wing,天使翅膀,,,,,,天使の羽,천사 날개
免费领券,Free Voucher,免费领券,,,,,,無料クーポン,무료쿠폰
设置,Settings,设置,,,,,,設定,설정
皮肤,Skin,皮肤,,,,,,肌,피부
广告券兑换,Vouchers for Items,广告券兑换,,,,,,広告クーポンの引き換え,광고쿠폰 상환
消耗,Consume,消耗,,,,,,消費する,소비하다
凶手能力装配,Murderer Ability Equipped,凶手能力装配,,,,,,キラーアビリティの集合体,킬러 능력 조립
{0}失败，请重试,"{0} failed, please try again",{0}失败，请重试,,,,,,{0}失敗しました。,{0}실패했습니다. 다시 시도하세요.
换装成功,Outfit change successful!,换装成功,,,,,,ドレスアップ成功,성공적으로 옷을 입다
看广告免费试穿,Watch ads for free try-on,看广告免费试穿,,,,,,広告をご覧になり、無料でお試しください。,광고 시청 및 무료 체험
免费试穿,Free Trial,免费试穿,,,,,,無料トライアル,무료 평가판
恭喜获得{0}金币,Congratulations on winning the {0} coins!,恭喜获得{0}金币,,,,,,おめでとう{0}金貨,축하드립니다 {0}골드 코인
看广告免费领取{0}金币,Watch ads to claim {0} coins for free,看广告免费领取{0}金币,,,,,,広告を見て、{0}金貨を無料で手に入れよう。,광고를 보고 {0}금화를 무료로 받으세요.
恭喜获得{0}张广告券,Congratulations on obtaining {0}an ad voucher!,恭喜获得{0}张广告券,,,,,,{0}広告クーポン獲得おめでとうございます！,{0}광고 쿠폰을 받으신 것을 축하드립니다!
免费领取{0}张广告券,Claim {0}free ad vouchers,免费领取{0}张广告券,,,,,,{0}無料広告クーポンを受け取る,무료 {0}광고 쿠폰 받기
免费领取双倍金币\n再送一张广告券,Claim double gold coins for free \nand get another ad voucher,免费领取双倍金币\n再送一张广告券,,,,,,無料で 2 倍の金貨を獲得し、\n広告クーポンを獲得してください,더블 골드 코인을 무료로 받고\n광고 쿠폰을 받으세요.
免费抽奖,Free Lottery,免费抽奖,,,,,,無料抽選,무료 추첨
高度,Height,高度,,,,,,高い,높은
开始结算,Start Settlement,开始结算,,,,,,決済開始,정산 시작
玩家{0}死亡了,Player {0}dead,玩家{0}死亡了,,,,,,{0}選手が死亡,{0}플레이어가 사망했습니다.
有玩家没有成功进入场景，游戏重新开始,"A player failed to enter the scene, the game restarts.",有玩家没有成功进入场景，游戏重新开始,,,,,,プレイヤーがシーンに正常に入ることができなかった場合、ゲームは再開されます。,플레이어가 해당 장면에 성공적으로 입장하지 못하면 게임이 다시 시작됩니다.
不要轻易暴露自己的身份\n远离那些试图靠近你的人\n不要相信任何人\n每个人都可能很危险!,Don't reveal yourself easily\nStay away from those who try to reach you\nDon't trust anyone\nEveryone can be dangerous!,不要轻易暴露自己的身份\n远离那些试图靠近你的人\n不要相信任何人\n每个人都可能很危险!,,,,,,安易に自分をさらけ出さないこと、自分に近づこうとする人に近づかないこと、誰も信用しないこと、誰もが危険な可能性がある！,너무 쉽게 자신을 노출하지 마세요\n 가까이 다가오려는 사람에게서 멀리 떨어져 있어요\n 아무도 믿지 마세요\n 누구나 위험할 수 있어요!
掏出手枪后，点击屏幕射击\n找到隐藏的凶手，击败他!\n不要攻击平民,Raise your gun and tap to shoot. \nFind the Murderer and defeat him! \nDon't attack civilians.,掏出手枪后，点击屏幕射击\n找到隐藏的凶手，击败他!\n不要攻击平民,,,,,,ピストルを取り出したら、画面をタップして発砲します\n隠れた殺人者を見つけて倒してください!\n民間人を攻撃しないでください,권총을 꺼낸 후 화면을 탭하여 총을 쏘세요\n숨겨진 살인자를 찾아서 물리치세요!\n민간인을 공격하지 마세요
掏出近战武器后，会自动攻击周围玩家\n掏出远程飞刀后，点击准星来扔出\n击败所有人，小心侦探!,Attack [Melee]: Attack [Melee]: Attack [Melee]: Attack [Melee]: Attack [Melee]: Attack [Melee]: Attack [Melee]: Attack [Melee]: Attack [Melee]: Attack [Melee]: Attack [Melee]: Attack [Melee]: Attack [Melee]: Attack [Melee]: Attack [Melee]: Attack [Melee]: Attack [Melee]: Attack [Melee]: Attack [Ranged]: Tap [Ranged]: Dart [Ranged]: Shoot [Ranged]: Shoot [Ranged]: Shoot [Ranged]: Shoot [Ranged] to shoot [Ranged] to shoot [Ranged] to shoot [Red] [Red] [Red] [Red] [Red] [Red] [Red] [Red] [Red] [Red] [Red] [Red] [Red] [Red] [Red] [Red] [Red] [Red] [Red] [Red] [Red] [Red] [Red] [Red] [Red] [Red] [Red] [Red] [Red] [Red] [Red] [Red] [Red] to shoot [Red] [Ded] [Ded] [Ded] [Ded] [Ded] [Ded] to kill everyone to kill everyone. Detective!,掏出近战武器后，会自动攻击周围玩家\n掏出远程飞刀后，点击准星来扔出\n击败所有人，小心侦探!,,,,,,近接武器を取り出すと、自動的に周囲のプレイヤーを攻撃します\n遠距離投げナイフを取り出したら、十字線をクリックして投げます\n全員を倒します、探偵に注意してください!,"근접 무기를 꺼내면 자동으로 주변 플레이어를 공격합니다.\n장거리 투척칼을 꺼낸 후 십자선을 클릭하여 던집니다.\n모두 물리치고, 탐정을 조심하세요!"
不能重复领取,Can not claim repeatedly.,不能重复领取,,,,,,繰り返し受信はできません,반복해서 받을 수 없습니다
在线时间不足{0}分钟,Online time less{0} than min,在线时间不足{0}分钟,,,,,,オンライン{0}分未満,온라인에서 {0}분 미만
奖励金币,Reward Coins,奖励金币,,,,,,ボーナス・ゴールド,보너스 골드
明日奖励,Tomorrow's Reward,明日奖励,,,,,,明日のご褒美,내일의 보상
在线{0}分钟免费领取({1}/{2}),Claim for free in {0} minutes ({1}/{2}),在线{0}分钟免费领取({1}/{2}),,,,,,オンラインは{0}分無料 ({1}/{2}),온라인 {0}분 무료 ( {1}/ {2})
领取成功、打开商店使用,Claimed successfully. Open the shop for use.,领取成功、打开商店使用,,,,,,それを手に入れ、店を開き、使う。,받아 상점을 열고 사용하세요.
"今日已售空,请更换其他商品购买","Sold out today, please replace with another item","今日已售空,请更换其他商品购买",,,,,,本日は売り切れましたので、他の商品に変更してください。,현재 품절되었으니 다른 상품으로 변경하여 구매해 주세요.
充值广告券,Top-up Voucher,充值广告券,,,,,,充電式広告クーポン,충전식 광고 쿠폰
不限购,Unlimited Purchase,不限购,,,,,,購入制限なし,구매 제한 없음
今日已售空,Sold Out,今日已售空,,,,,,本日完売,오늘 매진
广告券,Voucher,广告券,,,,,,広告クーポン,광고쿠폰
别点太快,Don't click too fast.,别点太快,,,,,,あまり急いで注文しないこと。,너무 빨리 클릭하지 마세요.
超级装扮,Super Outfit,超级装扮,,,,,,スーパードレスアップ,슈퍼 드레스 업
请输入好友角色ID,Please enter your Friend Character ID,请输入好友角色ID,,,,,,お友達のキャラクターIDを入力してください。,친구의 캐릭터 ID를 입력하세요.
免费保存形象,Save Avatar for Free,免费保存形象,,,,,,無料画像保存,무료 이미지 보존
免费试穿好友的角色形象,Try on your friend's character for free,免费试穿好友的角色形象,,,,,,友人のキャラクター画像を無料で試着できる,친구의 캐릭터 이미지를 무료로 사용해 보세요.
复制成功,Copy successful,复制成功,,,,,,正常にコピーされました,성공적으로 복사되었습니다
ID无效！,Invalid ID!,ID无效！,,,,,,IDが無効です！,ID가 유효하지 않습니다!
加载中,Loading,加载中,,,,,,読み込み中,로드 중
试穿成功,Try On Successfully,试穿成功,,,,,,トライアルの成功,성공적인 평가판
复制角色ID分享好友试穿,Copy Character ID to share friend try-on,复制角色ID分享好友试穿,,,,,,キャラクターIDをコピーして友人と共有し、試着できる,캐릭터 ID를 복사하여 친구와 공유하여 입어볼 수 있습니다.
试穿中，请耐心等待。,Please try it out.,试穿中，请耐心等待。,,,,,,辛抱してください。,조금만 기다려주세요.
换装,Change clothes,换装,,,,,,ドレスアップ,옷을 입다
收藏,Collect,收藏,,,,,,集める,모으다
测试,test,测试,,,,,,テスト,시험
肤色,Skin Color,肤色,,,,,,色,색상
脸型,Face Shape,脸型,,,,,,顔の形,얼굴 모양
眼睛,Eyes,眼睛,,,,,,目,눈
眉毛,Eyebrows,眉毛,,,,,,眉,눈썹
妆容,Makeup,妆容,,,,,,補う,조립
头发,Hair,头发,,,,,,髪,머리카락
上衣,Top,上衣,,,,,,上衣,재킷
下衣,Bottom,下衣,,,,,,ボトムス,하의
鞋子,Shoes,鞋子,,,,,,靴,구두
手套,Gloves,手套,,,,,,手袋,장갑
宠物,Pets,宠物,,,,,,ペット,애완 동물
饰品,Accessories,饰品,,,,,,アクセサリー,부속품
瞳孔贴花,Pupil Decal,瞳孔贴花,,,,,,瞳デカール,동공 데칼
上高光,Upper Highlight,上高光,,,,,,ハイライト,가장 밝은 부분
下高光,Lower Highlight,下高光,,,,,,ハイライト,가장 밝은 부분
睫毛,Eyelashes,睫毛,,,,,,まつげ,속눈썹
腮红,Blush,腮红,,,,,,赤面,붉히다
口红,Lipstick,口红,,,,,,口紅,입술 연지
面部彩绘,Face Painting,面部彩绘,,,,,,フェイスペインティング,페이스 페인팅
整体发型,Integral Hair,整体发型,,,,,,全体的な髪型,전체적인 헤어스타일
后发,Latecomer,后发,,,,,,遅発性,늦은 발병
左手,Left Hand,左手,,,,,,左手,왼손
右手,Right Hand,右手,,,,,,右手,오른손
背饰,Wings,背饰,,,,,,背面装飾,뒷면 장식
头饰,Headgear,头饰,,,,,,ヘッドギア,머리 장식
面饰,Face Decor,面饰,,,,,,表面装飾,표면 장식
臀部,Butt,臀部,,,,,,お尻,엉덩이
肩部,Shoulders,肩部,,,,,,肩部,어깨
特效,Effects,特效,,,,,,特撮,특수 효과
耳饰,Earrings,耳饰,,,,,,イヤリング,귀걸이
此功能未开启,This function is not enabled,此功能未开启,,,,,,この機能は有効になっていない,이 기능은 활성화되어 있지 않습니다.
{0}倍,{0} x,{0}倍,,,,,,{0}倍,{0}배율(승수)
调色板,Palette,调色板,,,,,,カラーパレット,색상 팔레트
部位 {0},Part {0},部位 {0},,,,,,部位 {0},장소 {0}
这个{0}不支持调色,This {0} does not support toning,这个{0}不支持调色,,,,,,この{0}はカラーミキシングをサポートしていません。,이 {0}는 색상 혼합을 지원하지 않습니다.
左瞳孔颜色,Left Pupil Color,左瞳孔颜色,,,,,,左瞳孔の色,왼쪽 동공 색상
右瞳孔颜色,Right Pupil Color,右瞳孔颜色,,,,,,右瞳孔の色,오른쪽 동공 색상
单色,Monochrome,单色,,,,,,カラープリント,컬러 인쇄
发顶色,Hair Top Color,发顶色,,,,,,トパーズ,토파즈
发尾色,Hairtail,发尾色,,,,,,毛色,머리 색깔
免费保存,Save for Free,免费保存,,,,,,無料セービング,무료 저장
重置平台形象失败,Failed to reset platform avatar,重置平台形象失败,,,,,,プラットフォーム・イメージのリセットに失敗しました,플랫폼 이미지 재설정에 실패했습니다.
保存{0}颜色,Save {0}color,保存{0}颜色,,,,,,{0}カラーを保存,저장 {0}색상
是否保存当前角色形象,Save current character appearance?,是否保存当前角色形象,,,,,,現在の文字画像を保存するかどうか,현재 캐릭터 이미지 저장 여부
关闭提示,Close Prompt,关闭提示,,,,,,プロンプトを閉じる,프롬프트 닫기
保存成功,Save successfully,保存成功,,,,,,正常に保存されました,성공적으로 저장되었습니다
重置成功,Reset successful!,重置成功,,,,,,リセット成功,재설정 성공
切换成功,Switch successful,切换成功,,,,,,スイッチング成功,전환 성공
是否保留当前颜色,Preserve current color?,是否保留当前颜色,,,,,,現在の色を維持するかどうか,현재 색상을 유지할지 여부
保留,Reserve,保留,,,,,,予約する,예약하다
不保留,Not Reserved,不保留,,,,,,予約不可,비예약
日常造型1,Daily Shape 1,日常造型1,,,,,,エブリデイ・スタイリング 1,일상 스타일링 1
布偶造型,Puppet Styling,布偶造型,,,,,,マペットの形,머펫 모양
英雄造型,Hero Styling,英雄造型,,,,,,ヒーロールック,영웅의 모습
幻想造型,Fantasy Styling,幻想造型,,,,,,ファンタジーな外観,판타지한 모습
节日造型,Festive Styling,节日造型,,,,,,ホリデールック,홀리데이 룩
科幻造型,Sci-Fi Styling,科幻造型,,,,,,SF 風の外観,공상 과학적인 모습
古代造型,Ancient Styling,古代造型,,,,,,古代のスタイル,고대 스타일
长单件,Long Piece,长单件,,,,,,ロングアイテム,긴 항목
短外套,Short Outfit,短外套,,,,,,ショートジャケット,쇼트 재킷
短单件,Short Piece,短单件,,,,,,ショートアイテム,짧은 항목
长外套,Long coat,长外套,,,,,,ロングコート,롱 코트
短裙,Skirt,短裙,,,,,,短いスカート,짧은 치마
长裤,Long Trousers,长裤,,,,,,ハァハァ,pant
短裤,Shorts,短裤,,,,,,ニーブリーチ,무릎 바지
长裙,Long Skirt,长裙,,,,,,ロングスカート,롱 스커트
裤袜,Pantyhose,裤袜,,,,,,パンスト,팬티스타킹
手套饰品,Glove Accessories,手套饰品,,,,,,グローブ・ジュエリー,장갑 쥬얼리
日常鞋,Daily Shoes,日常鞋,,,,,,デイリーシューズ,일상 신발
靴子,Boots,靴子,,,,,,グローブ,부츠
足套,Footgear,足套,,,,,,履物,신발
裸饰,Nude Decor,裸饰,,,,,,ヌードオーナメント,누드 장식
高跟鞋,High Heels,高跟鞋,,,,,,ハイヒール,하이힐
运动鞋,Sneaker,运动鞋,,,,,,スニーカー,운동화
日常造型2,Daily Shape 2,日常造型2,,,,,,エブリデイ・スタイリング 2,일상 스타일링 2
未上榜,Not listed,未上榜,,,,,,リストに載っていない,목록에 없음
等级,Level,等级,,,,,,学年,등급
等级全服前{0}名,Level Global Top{0},等级全服前{0}名,,,,,,全サービスにおけるトップ{0},전체 서비스에서 상위 {0}순위
"t know what to do"",""这里是你本局的目标，不知道做什么的话就看一下这里吧"",null],[10003,""Guide_GuideContent_10003"",""Survive to win~"",""努力活下来才能够获得胜利~"",null],[10004,""Guide_GuideContent_10004"",""Here is the energy ball:"",""这是能量球："",null],[10005,""Guide_GuideContent_10005"",""Collect them all to get a protective shield"",""集齐能量球，可以获得一层保护壳"",null],[10006,""Guide_GuideContent_10006"",""This is your goal in this round, achieve it before the game ends to win"",""这里是你本局的目标，在对局结束前完成目标才能获得胜利"",null],[10007,""Guide_GuideContent_10007"",""This is your goal in this round, achieve it before the game ends to win"",""这里是你本局的目标，在对局结束前完成目标才能获得胜利"",null],[10008,""Guide_GuideContent_10008"",""You have a new goal, to defeat the Murderer and protect the Students"",""你有了新的目标，击杀凶手，保护学生"",null],[10009,""Guide_GuideContent_10009"",""This is what you are playing in this round"",""这里是本局中你的身份"",null],[10010,""Guide_GuideContent_10010"",""This is what you are playing in this round"",""这里是本局中你的身份"",null],[10011,""Guide_GuideContent_10011"",""Congratulation! You just picked up the weapon and you",,"t know what to do"",""这里是你本局的目标，不知道做什么的话就看一下这里吧"",null],[10003,""Guide_GuideContent_10003"",""Survive to win~"",""努力活下来才能够获得胜利~"",null],[10004,""Guide_GuideContent_10004"",""Here is the energy ball:"",""这是能量球："",null],[10005,""Guide_GuideContent_10005"",""Collect them all to get a protective shield"",""集齐能量球，可以获得一层保护壳"",null],[10006,""Guide_GuideContent_10006"",""This is your goal in this round, achieve it before the game ends to win"",""这里是你本局的目标，在对局结束前完成目标才能获得胜利"",null],[10007,""Guide_GuideContent_10007"",""This is your goal in this round, achieve it before the game ends to win"",""这里是你本局的目标，在对局结束前完成目标才能获得胜利"",null],[10008,""Guide_GuideContent_10008"",""You have a new goal, to defeat the Murderer and protect the Students"",""你有了新的目标，击杀凶手，保护学生"",null],[10009,""Guide_GuideContent_10009"",""This is what you are playing in this round"",""这里是本局中你的身份"",null],[10010,""Guide_GuideContent_10010"",""This is what you are playing in this round"",""这里是本局中你的身份"",null],[10011,""Guide_GuideContent_10011"",""Congratulation! You just picked up the weapon and you",,,,,,,
"s not ready yet, please wait a little longer to get it~"",""时间还没到，再等一下才能获得哦~"",null],[30058,""Tips_Content_20004"",""You",,"s not ready yet, please wait a little longer to get it~"",""时间还没到，再等一下才能获得哦~"",null],[30058,""Tips_Content_20004"",""You",,,,,,,
"t trust anyone who tries to get close to you, they are dangerous, always stay alert.\n3. If you are a student, try to survive!"",""1.如果你是杀手/侦探，请尽量不要暴露自己的身份\n2.不要相信任何试图靠近你的人，他们很危险，时刻保持警惕\n3.假如你是平民，那么努力活下来吧"",""文本长度尽量和中文一致""],[90016,""Text_Content_20039"",""Murderer Tutorial"",""凶手教学"",null],[90017,""Text_Content_20040"",""Detective Tutorial"",""侦探教学"",null],[90018,""Text_Content_20041"",""Tips"",""温馨提示"",null],[90019,""Tips_Content_20009"",""The murderer defeated you."",""凶手淘汰了你"",null],[90020,""Tips_Content_20010"",""Wrong target, you",,"t trust anyone who tries to get close to you, they are dangerous, always stay alert.\n3. If you are a student, try to survive!"",""1.如果你是杀手/侦探，请尽量不要暴露自己的身份\n2.不要相信任何试图靠近你的人，他们很危险，时刻保持警惕\n3.假如你是平民，那么努力活下来吧"",""文本长度尽量和中文一致""],[90016,""Text_Content_20039"",""Murderer Tutorial"",""凶手教学"",null],[90017,""Text_Content_20040"",""Detective Tutorial"",""侦探教学"",null],[90018,""Text_Content_20041"",""Tips"",""温馨提示"",null],[90019,""Tips_Content_20009"",""The murderer defeated you."",""凶手淘汰了你"",null],[90020,""Tips_Content_20010"",""Wrong target, you",,,,,,,
"s Passive Ability] When you pull out your knife, your movement speed is increased by 10% faster than usual."",""【杀手被动能力】\n当你掏出你的刀时，你的移动速度会比平时更快，提升10％"",null],[90036,""SkillShop_Description_10002"",""[Murderer",,"s Passive Ability] When you pull out your knife, your movement speed is increased by 10% faster than usual."",""【杀手被动能力】\n当你掏出你的刀时，你的移动速度会比平时更快，提升10％"",null],[90036,""SkillShop_Description_10002"",""[Murderer",,,,,,,
"t trust anyone.\nEveryone can be dangerous!"",""不要轻易暴露自己的身份\n远离那些试图靠近你的人\n不要相信任何人\n每个人都可能很危险!"",null],[100033,""Text_World2"",""Pull out your pistol and tap the screen to fire\nFind the hidden killer and defeat him!\nDon",,"t trust anyone.\nEveryone can be dangerous!"",""不要轻易暴露自己的身份\n远离那些试图靠近你的人\n不要相信任何人\n每个人都可能很危险!"",null],[100033,""Text_World2"",""Pull out your pistol and tap the screen to fire\nFind the hidden killer and defeat him!\nDon",,,,,,,
"s Reward"",""明日奖励"",null],[100041,""Text_Task6"",""Free Online {0} Minutes ({1}/{2})"",""在线{0}分钟免费领取({1}/{2})"",null],[100042,""Text_Task7"",""Receive successfully, open the shop to use"",""领取成功、打开商店使用"",null],[100043,""Text_SoldouttodayPleaseReplaceWithOtherProductsToPurchase"",""Sold Out Today, Please Replace With Other Products To Purchase"",""今日已售空,请更换其他商品购买"",null],[100044,""Text_Rechargediamonds"",""Recharge"",""充值广告券"",null],[100045,""Text_Nopurchaserestrictions"",""No purchase Restrictions"",""不限购"",null],[100046,""Text_Soldouttoday"",""Sold Out Today"",""今日已售空"",null],[100047,""Text_Limitedtoonepurchaseperday"",""Limited To One Purchase Per Day"",""每天限购一次"",null],[100048,""Text_AdvertisingCoupon"",""Coupon"",""广告券"",null],[100049,""Text_TipsTooFast"",""Don",,"s Reward"",""明日奖励"",null],[100041,""Text_Task6"",""Free Online {0} Minutes ({1}/{2})"",""在线{0}分钟免费领取({1}/{2})"",null],[100042,""Text_Task7"",""Receive successfully, open the shop to use"",""领取成功、打开商店使用"",null],[100043,""Text_SoldouttodayPleaseReplaceWithOtherProductsToPurchase"",""Sold Out Today, Please Replace With Other Products To Purchase"",""今日已售空,请更换其他商品购买"",null],[100044,""Text_Rechargediamonds"",""Recharge"",""充值广告券"",null],[100045,""Text_Nopurchaserestrictions"",""No purchase Restrictions"",""不限购"",null],[100046,""Text_Soldouttoday"",""Sold Out Today"",""今日已售空"",null],[100047,""Text_Limitedtoonepurchaseperday"",""Limited To One Purchase Per Day"",""每天限购一次"",null],[100048,""Text_AdvertisingCoupon"",""Coupon"",""广告券"",null],[100049,""Text_TipsTooFast"",""Don",,,,,,,
单手刀,single-handed knife,单手刀,,,,,,片手包丁,한손 나이프
星月魔杖,Starry Magic Wand,星月魔杖,,,,,,星と月の杖,별과 달 지팡이
散弹喷枪,Shotgun,散弹喷枪,,,,,,ショットガン,산탄총
弓箭,Bow and Arrow,弓箭,,,,,,弓矢,궁전
法杖,Wand,法杖,,,,,,スタッフ,직원
粉色,Pink,粉色,,,,,,ピンク,분홍색
黄色,Yellow,黄色,,,,,,黄色,노란색
左边,Left,左边,,,,,,左,왼쪽
右边,Right,右边,,,,,,右,오른쪽
快去按下{1}按钮！,Go push the {1} button!,快去按下{1}按钮！,,,,,,行って押してください{1}ボタン！,가서 누르세요{1}단추!
先按{1}按钮,Press the {1} button first.,先按{1}按钮,,,,,,最初に押してください{1}ボタン,먼저 누르세요{1}단추
再按{1}按钮,Press the {1} button again,再按{1}按钮,,,,,,もう一度押す{1}ボタン,다시 누르세요{1}단추
松开{1}按钮,Release the {1} button,松开{1}按钮,,,,,,リリース{1}ボタン,풀어 주다{1}단추
你走{2}，我走另一边,"You go{2}, I'll go the other way.",你走{2}，我走另一边,,,,,,あなたが行く{2}、向こう側に行きます,"너는 가{2}, 나는 반대편으로 간다"
你站在那里不要动,Stand still.,你站在那里不要动,,,,,,ただそこに立って、動かないでください。,그냥 거기 서서 움직이지 마세요.
我们一起冲过去！,Let's charge through together!,我们一起冲过去！,,,,,,一緒に駆けつけましょう！,같이 달려가자!
不好意思我失误了,Sorry I made a mistake.,不好意思我失误了,,,,,,ごめんなさい、間違えました,"미안, 내가 실수했어"
没关系，再试一次吧,"It's okay, try again.",没关系，再试一次吧,,,,,,大丈夫です、もう一度試してください,괜찮습니다. 다시 시도해 주세요.
欢迎来到教学关卡！在双人糖果跑酷中，一定要与你的搭档好好合作才可以顺利过关哦,"Welcome to Tutorial! In Duo Candy Obby, make sure to work well with your partner to pass!",欢迎来到教学关卡！在双人糖果跑酷中，一定要与你的搭档好好合作才可以顺利过关哦,,,,,,チュートリアル レベルへようこそ!2 人プレイのキャンディ パルクールでは、レベルをクリアするにはパートナーとうまく協力する必要があります。,튜토리얼 레벨에 오신 것을 환영합니다! 2인용 캔디 파쿠르에서는 레벨을 성공적으로 통과하려면 파트너와 잘 협력해야 합니다.
按下按钮，可以开关对应颜色的机关门,Press the button to open and close the mechanism door of the corresponding color.,按下按钮，可以开关对应颜色的机关门,,,,,,ボタンを押すと、対応する色のドアが開閉します。,버튼을 누르면 해당 색상의 문이 열리고 닫힙니다.
互帮互助才可以一起过关，不要忘了刚才帮助过你的搭档哟,Help each other get through; don't forget your partner who helped you earlier.,互帮互助才可以一起过关，不要忘了刚才帮助过你的搭档哟,,,,,,お互いに助け合うことでのみ、一緒にレベルをクリアすることができます。助けてくれたパートナーのことを忘れないでください。,서로 도와야만 우리는 함께 레벨을 통과할 수 있습니다. 방금 당신을 도와준 파트너를 잊지 마세요.
这扇门需要同时按压两个按钮才可开启，与你的搭档一起冲过去吧！,This door requires pressing two buttons simultaneously to open. Dash through with your partner!,这扇门需要同时按压两个按钮才可开启，与你的搭档一起冲过去吧！,,,,,,このドアを開けるには 2 つのボタンを同時に押す必要があるので、パートナーと一緒に急いで通過してください。,이 문을 열려면 두 개의 버튼을 동시에 눌러야 하므로 파트너와 함께 서둘러서 들어가세요!
方形的按钮只有用“同伴方块”才可按压，快将它推至对应位置打开大门吧！,"The square button can only be pressed with the """"Companion Square,"""" quickly push it to the corresponding position to open the door!",方形的按钮只有用“同伴方块”才可按压，快将它推至对应位置打开大门吧！,,,,,,四角ボタンは「コンパニオンキューブ」でのみ押すことができ、対応する位置に押すと扉が開きます！,"사각형 버튼은 """"컴패니언 큐브""""로만 누를 수 있으며, 해당 위치로 밀어 문을 열 수 있습니다!"
与你的搭档合作，将友情方块顺利推至按钮处吧！,Work with your partner to push the friendship square to the button!,与你的搭档合作，将友情方块顺利推至按钮处吧！,,,,,,パートナーと協力して友情ブロックをボタンに押し込みましょう！,파트너와 협력하여 우정 블록을 원활하게 버튼에 밀어 넣으세요!
建议先通关“信任即钥匙”关卡后再挑战本关卡,It is recommended to complete the """"Trust is Key"""" level before challenging this level.,建议先通关“信任即钥匙”关卡后再挑战本关卡,,,,,,このレベルに挑戦する前に、まず「信頼が鍵」レベルをクリアすることをお勧めします。,이 레벨에 도전하기 전에 먼저 """"신뢰가 핵심"""" 레벨을 클리어하는 것이 좋습니다.
建议先通关“往返跳跃”关卡后再挑战本关卡,It is recommended to complete the Round Trip level before challenging this level.,建议先通关“往返跳跃”关卡后再挑战本关卡,,,,,,「往復ジャンプ」レベルをクリアしてから挑戦することをお勧めします。,이 레벨에 도전하기 전에 먼저 """"왕복 점프"""" 레벨을 클리어하는 것이 좋습니다.
墙上的开关只能触发一瞬间，与你的默契搭档一同跳起打开大门吧！,A switch on the wall only triggers a moment. Jump up and open the door with your partner!,墙上的开关只能触发一瞬间，与你的默契搭档一同跳起打开大门吧！,,,,,,壁のスイッチはほんの一瞬しか作動しません。黙り込んでいるパートナーと一緒に飛び上がってドアを開けてください。,벽에 있는 스위치는 잠시 동안만 활성화될 수 있습니다. 암묵적인 파트너와 함께 뛰어 올라 문을 열어보세요!
建议先通关“箱子难题”关卡后再挑战本关卡,It is recommended to complete the """"box puzzle"""" level before challenging this level.,建议先通关“箱子难题”关卡后再挑战本关卡,,,,,,「ボックスパズル」レベルをクリアしてから挑戦することをお勧めします。,이 레벨에 도전하기 전에 먼저 """"박스 퍼즐"""" 레벨을 클리어하는 것이 좋습니다.
这里是最难的关卡之一，建议先通关简单与普通难度的关卡再来挑战哦,This is one of the most challenging levels. It is recommended to complete both the simple and the ordinary levels first.,这里是最难的关卡之一，建议先通关简单与普通难度的关卡再来挑战哦,,,,,,最も難しいレベルの 1 つです。最初に Easy および Normal の難易度をクリアしてから挑戦することをお勧めします。,"가장 어려운 레벨 중 하나이며, 도전하기 전에 먼저 쉽고 보통 난이도를 클리어하는 것이 좋습니다."
教程,Tutorial,教程,,,,,,チュートリアル,지도 시간
齐心协力,Working Together,齐心协力,,,,,,一緒に働く,함께 일하다
信任即钥匙,Trust is the Key,信任即钥匙,,,,,,信頼が鍵です,신뢰가 핵심이다
箱子难题,Box Puzzle,箱子难题,,,,,,ボックスパズル,상자 퍼즐
往返跳跃,Round Trip,往返跳跃,,,,,,前後にジャンプ,앞뒤로 점프
蹦蹦跳跳,Bounce,蹦蹦跳跳,,,,,,跳ねる,잘 튀는
好朋友挑战,BFF Challenge,好朋友挑战,,,,,,親友チャレンジ,가장 친한 친구 도전
层层登攀,Climbing,层层登攀,,,,,,上がったり下がったり,오르락 내리락
心跳冲刺,Heartthrob Sprint,心跳冲刺,,,,,,ハートビートスプリント,심장박동 질주
人箱合一,Suitcase,人箱合一,,,,,,マンボックスインワン,맨박스가 하나로
音量：开,Volume: On,音量：开,,,,,,音量: オン,볼륨: 켜짐
音量：关,Volume: Off,音量：关,,,,,,音量: オフ,볼륨: 꺼짐
返回大厅,Back to Lobby,返回大厅,,,,,,ロビーに戻る,로비로 돌아가기
排行榜,Leaderboard,排行榜,,,,,,ランキング一覧,순위 목록
名称,Name,名称,,,,,,名称,이름
积分,Points,积分,,,,,,積分,완전한
打招呼,Greetings,打招呼,,,,,,挨拶する,환영하다
前指,Front Finger,前指,,,,,,前指,앞손가락
摇头,shake your head,摇头,,,,,,頭を振る,머리를 흔들다
庆祝,Celebrate,庆祝,,,,,,祝う,축하하다
鼓励,Encourage,鼓励,,,,,,奨励する,장려하다
快邀请你想要搭档的玩家一同闯关吧！,Invite your partner to pass!,快邀请你想要搭档的玩家一同闯关吧！,,,,,,パートナーになりたいプレイヤーを招待して、一緒にレベルをクリアしてください!,함께 레벨을 완료하기 위해 파트너가 되고 싶은 플레이어를 초대하세요!
这些玩家正在请求你的协助！,These players are requesting your assistance!,这些玩家正在请求你的协助！,,,,,,これらのプレイヤーはあなたの助けを求めています!,이 플레이어들이 여러분의 도움을 요청하고 있습니다!
邀请,Invitation,邀请,,,,,,招待する,초대하다
已邀请,Invited,已邀请,,,,,,招待されました,초대됨
协助,Assist,协助,,,,,,アシスト,돕다
闯关邀请,Level Invitation,闯关邀请,,,,,,レベルへの招待,레벨 진입 초대
请求帮助,Request for Help,请求帮助,,,,,,助けを求めてください,도움을 요청하세요
{0}请求支援,{0}Request for Support,{0}请求支援,,,,,,{0}サポートをリクエストする,{0}지원 요청
是否要返回大厅,Do you want to return to the lobby?,是否要返回大厅,,,,,,ロビーに戻りますか?,로비로 돌아가시겠어요?
前往前方挑战简单关卡,Go to the simple level ahead,前往前方挑战简单关卡,,,,,,さあ、簡単なレベルに挑戦してください,간단한 레벨에 도전해 보세요
前往前方挑战普通关卡,Go to the next level,前往前方挑战普通关卡,,,,,,さあ、通常レベルに挑戦してください,어서 일반 레벨에 도전하세요
前往前方挑战困难关卡,Go to the challenging level ahead,前往前方挑战困难关卡,,,,,,さあ、難しいレベルに挑戦してください,계속해서 어려운 레벨에 도전하세요
拖动左下的摇杆来控制角色移动,Drag the joystick on the bottom left to move the character,拖动左下的摇杆来控制角色移动,,,,,,左下のジョイスティックをドラッグしてキャラクターの動きを制御します,왼쪽 하단 조이스틱을 드래그하여 캐릭터의 움직임을 제어하세요.
拖动右侧屏幕控制视角转动,Drag the right screen to control the camera rotation,拖动右侧屏幕控制视角转动,,,,,,右画面をドラッグして視点の回転を制御します,관점의 회전을 제어하려면 오른쪽 화면을 드래그하세요.
点击                  按钮进行跳跃,Tap the button to jump,点击                  按钮进行跳跃,,,,,,ボタンをクリックしてジャンプします,점프하려면 버튼을 클릭하세요.
积分达到{0}分即可解锁,Unlock by reaching {0} points,积分达到{0}分即可解锁,,,,,,到達ポイント{0}ロックを解除するためのポイント,도달한 포인트{0}잠금 해제 포인트
积分不足暂无法进入，请先游玩其它关卡获取积分,"Insufficient points to enter, please play other levels first to earn points",积分不足暂无法进入，请先游玩其它关卡获取积分,,,,,,ポイントが不足しているため、一時的に入場できません。先に他のレベルをプレイしてポイントを獲得してください。,포인트가 부족하면 지금은 입장할 수 없습니다. 포인트를 얻으려면 먼저 다른 레벨을 플레이하세요.
当前位置已保存,Current Location Saved,当前位置已保存,,,,,,現在地が保存されました,현재 위치가 저장되었습니다.
{0}关卡已完成，获得{1}积分,"{0}Level completed, {1} points obtained!",{0}关卡已完成，获得{1}积分,,,,,,{0}レベルが完了して取得されました{1}積分,{0}레벨이 완료되어 획득되었습니다.{1}완전한
确认,Confirm,确认,,,,,,確認する,확인하다
简单关卡,Easy Level,简单关卡,,,,,,シンプルレベル,간단한 레벨
普通关卡,Common,普通关卡,,,,,,通常レベル,보통 수준
困难关卡,Hard Level,困难关卡,,,,,,難しいレベル,어려운 수준
正在请求协助，快去帮帮他吧！,"Requesting assistance, go and help him!",正在请求协助，快去帮帮他吧！,,,,,,彼は助けを求めています、行って彼を助けてください！,그는 도움을 요청하고 있습니다. 가서 그를 도와주세요!
使用一张好友卡与{0}建立好友关系。你想与对方建立什么关系呢？,Friend your {0} with a friend card. What relationship do you want to build with the player?,使用一张好友卡与{0}建立好友关系。你想与对方建立什么关系呢？,,,,,,フレンドカードを使うと、{0}友情を築きましょう。あなたはその人とどんな関係を築きたいですか？,친구카드를 이용해{0}우정을 쌓으세요. 그 사람과 어떤 관계를 맺고 싶나요?
兄弟,Brother,兄弟,,,,,,兄弟,형제
闺蜜,Bestie,闺蜜,,,,,,親友,가장 친한 친구
{0}{1}，你接受吗？,"{0}{1}, do you accept?",{0}{1}，你接受吗？,,,,,,{0}{1}、受け入れますか？,"{0}{1}, 받아들이나요?"
*{0}*与*{1}*成为了*{2}*，祝贺他们！,*{0}* and *{1}* became *{2}*! Congratulations!,*{0}*与*{1}*成为了*{2}*，祝贺他们！,,,,,,*{0}*そして*{1}*になった*{2}*、おめでとうございます!,"*{0}*그리고*{1}*가 되었다*{2}*, 축하드립니다!"
邀请好友,Invite Friends,邀请好友,,,,,,友達を招待する,친구 초대
你的{0}{1}邀请你一同挑战{2}关卡,Your {0}{1} invites you to challenge the {2} level together.,你的{0}{1}邀请你一同挑战{2}关卡,,,,,,あなたの{0}{1}一緒にチャレンジしてみませんか{2}レベル,당신의{0}{1}함께 도전할 수 있도록 여러분을 초대합니다{2}수준
接受,Accept,接受,,,,,,受け入れる,수용하다
{0}接受了你的邀请,{0} accepted your invitation.,{0}接受了你的邀请,,,,,,{0}あなたの招待を受け入れました,{0}당신의 초대를 수락했습니다
祝贺*{0}*与*{1}*合作完成了*{2}*关卡！,Congratulations **{0} on completing the **{2} level in cooperation with **!{1},祝贺*{0}*与*{1}*合作完成了*{2}*关卡！,,,,,,おめでとうございます*{0}*そして*{1}*連携完了*{2}*レベル！,축하합니다*{0}*그리고*{1}*협력 완료*{2}*레벨!
{0}玩家与他人成立了好友关系，与你的好友关系已自动解除,"{0}Player has established a friendship with others, and your friendship has been automatically terminated.",{0}玩家与他人成立了好友关系，与你的好友关系已自动解除,,,,,,{0}プレイヤーは他のユーザーとフレンド関係を確立しており、あなたとのフレンド関係は自動的に終了します。,"{0}해당 플레이어는 다른 사람들과 친구 관계를 맺었으며, 귀하와의 친구 관계는 자동으로 종료되었습니다."
{0}玩家已退出房间，与你的好友关系已自动解除,{0}Player has exited the room and your friendship has been automatically terminated.,{0}玩家已退出房间，与你的好友关系已自动解除,,,,,,{0}プレイヤーはルームから退出し、あなたとのフレンド関係は自動的に終了します。,"{0}해당 플레이어가 방에서 나갔으며, 귀하와의 친구 관계는 자동으로 종료되었습니다."
{0}拒绝了你的邀请,{0} rejected your invitation.,{0}拒绝了你的邀请,,,,,,{0}あなたの招待を断りました,{0}당신의 초대를 거절했습니다
你们已经是好友啦！,You are already friends!,你们已经是好友啦！,,,,,,あなたはもう友達です！,당신은 이미 친구입니다!
没有{0}道具了，先去大厅获取吧！,No {0} left. Go to the lobby first!,没有{0}道具了，先去大厅获取吧！,,,,,,いいえ{0}小道具は準備ができています。まずロビーに行って入手してください。,아니요{0}소품이 준비되었으니 로비로 가서 먼저 챙겨가세요!
成功使用{0}道具！,Successfully used {0} items!,成功使用{0}道具！,,,,,,無事に使用されました{0}小道具！,성공적으로 사용됨{0}소품!
{0}道具已经使用过了,The {0} item has already been used.,{0}道具已经使用过了,,,,,,{0}小道具が使用されています,{0}소품이 사용되었습니다
此道具不可在背包使用,This item cannot be used in the backpack.,此道具不可在背包使用,,,,,,この商品はバックパックには使用できません,이 아이템은 배낭에 사용할 수 없습니다
将箱子推至这里跳上去吧！,Push the box here and jump on it!,将箱子推至这里跳上去吧！,,,,,,ここの箱を押して飛び乗ってください！,여기 상자를 밀고 위로 점프하세요!
使用好友卡与其他玩家成为闺蜜/兄弟吧！,Use Friend Cards to become friends/brothers with other players!,使用好友卡与其他玩家成为闺蜜/兄弟吧！,,,,,,フレンドカードを使用して、他のプレイヤーと親友/兄弟になりましょう!,친구 카드를 사용하여 다른 플레이어와 절친/형제가 되어보세요!
使用此道具在关卡结束时获得双倍积分！,Use this item to get double points at the end of the level!,使用此道具在关卡结束时获得双倍积分！,,,,,,このパワーアップを使用すると、レベル終了時に 2 倍のポイントを獲得できます!,레벨이 끝날 때 이 파워업을 사용하여 두 배의 포인트를 얻으세요!
使用飞行皮靴获得飞行能力飞过障碍！,Gain flying ability over obstacles with flying leather boots!,使用飞行皮靴获得飞行能力飞过障碍！,,,,,,フライングレザーブーツを使って障害物を飛び越える能力を獲得しましょう！,플라잉 가죽 부츠를 사용하면 장애물 위로 날아갈 수 있는 능력을 얻을 수 있습니다!
召唤魔法伙伴帮助你控制机关吧！,Summon magic buddies to help you control the mechanism!,召唤魔法伙伴帮助你控制机关吧！,,,,,,メカニズムの制御を手伝ってくれる魔法のパートナーを召喚してください!,메커니즘을 제어하는 ​​데 도움을 줄 마법 파트너를 소환하세요!
使用延时沙漏将时间机关延长15秒！,Extend the time mechanism by 15 seconds with Time-lapse Hourglass!,使用延时沙漏将时间机关延长15秒！,,,,,,遅延砂時計を使用すると、時間メカニズムを 15 秒延長できます。,지연 모래시계를 사용하여 시간 메커니즘을 15초 연장하세요!
先前往左边的简单关卡挑战第一关“教程”吧！,Head to the simple level on the left to challenge the first """"Tutorial""""!,先前往左边的简单关卡挑战第一关“教程”吧！,,,,,,まずは左側の簡単なレベルへ行き、最初のレベル「チュートリアル」に挑戦してください！,먼저 왼쪽의 간단한 레벨로 이동하여 첫 번째 레벨 """"튜토리얼""""에 도전하세요!
请从关卡起点进入后再使用该道具,Please enter from the start of the level before using this item.,请从关卡起点进入后再使用该道具,,,,,,このプロップを使用する前にレベルの開始点から入ってください,이 소품을 사용하기 전에 레벨의 시작점부터 입장하세요.
本按钮已被占用，暂无法使用魔法伙伴,This button is occupied. Magic Partner is temporarily unavailable.,本按钮已被占用，暂无法使用魔法伙伴,,,,,,このボタンは占有されているため、マジック コンパニオンは一時的に使用できなくなります,이 버튼은 사용 중이므로 마법 동반자를 일시적으로 사용할 수 없습니다.
此按钮暂被其他玩家控制，最好不要乱动噢,This button is temporarily controlled by other players. Please do not move it.,此按钮暂被其他玩家控制，最好不要乱动噢,,,,,,このボタンは他のプレイヤーによって一時的に制御されているため、移動しないことが最善です。,이 버튼은 다른 플레이어가 일시적으로 제어할 수 있으므로 이동하지 않는 것이 가장 좋습니다.
获得一个“{0}”道具,Obtain an """"{0}"""" item,获得一个“{0}”道具,,,,,,「」を入手{0}「小道具,"""""를 받으세요{0}""""소품"
好友卡,Friend Card,好友卡,,,,,,フレンドカード,친구 카드
双倍积分,Double Points,双倍积分,,,,,,ダブルポイント,더블 포인트
飞行皮靴,Flying Leather Boots,飞行皮靴,,,,,,フライングレザーブーツ,플라잉 가죽 부츠
魔法伙伴,Magic Partner,魔法伙伴,,,,,,魔法の仲間,마법의 동반자
延时沙漏,Time-lapse Hourglass,延时沙漏,,,,,,タイムラプス砂時計,시간 경과 모래시계
眼间距,Eye Spacing,眼间距,,,,,,目と目の間の距離,눈 사이의 거리
眼睛角度,Eye Angle,眼睛角度,,,,,,目の角度,눈 각도
眼睛长度,Eye Length,眼睛长度,,,,,,目の長さ,눈 길이
眼睛宽度,Eye Width,眼睛宽度,,,,,,目の幅,눈 폭
眼角左右移动,Move around the corner of your eye.,眼角左右移动,,,,,,目尻が左右に動く,눈꼬리가 좌우로 움직입니다.
眼角上下移动,Move up and down the corner of your eye.,眼角上下移动,,,,,,目尻が上下に動く,눈꼬리가 위아래로 움직인다
眉间距,Eyebrow Spacing,眉间距,,,,,,眉間距離,눈썹 거리
眉毛角度,Eyebrow Angle,眉毛角度,,,,,,眉の角度,눈썹 각도
鼻梁高度,Height,鼻梁高度,,,,,,鼻梁の高さ,콧대 높이
鼻子长度,Nose Length,鼻子长度,,,,,,鼻の長さ,코 길이
鼻子上下移动,Move your nose up and down.,鼻子上下移动,,,,,,鼻が上下に動きます,코가 위아래로 움직인다
嘴巴宽度,Mouth Width,嘴巴宽度,,,,,,口幅,입 너비
嘴巴弧度,Mouth Arc,嘴巴弧度,,,,,,口の湾曲,입 곡률
返回,Return,返回,,,,,,戻る,반품
进阶,Advance,进阶,,,,,,高度な,고급의
保存装扮,Save Outfit,保存装扮,,,,,,衣装を保存する,옷을 저장
预设,Preset,预设,,,,,,デフォルト,기본
脸部,Face,脸部,,,,,,顔,얼굴
身体,Body,身体,,,,,,身体,몸
服装,Clothing,服装,,,,,,衣類,의류
套装预设,Outfit Presets,套装预设,,,,,,パッケージプリセット,패키지 사전 설정
脸部预设,Facial Presets,脸部预设,,,,,,顔プリセット,얼굴 사전 설정
身材预设,Body Presets,身材预设,,,,,,ボディプリセット,바디 프리셋
鼻子,Nose,鼻子,,,,,,鼻,코
嘴巴,Mouth,嘴巴,,,,,,口,입
身材,Figure,身材,,,,,,身材,수치
下装,Bottom,下装,,,,,,ボトムス,하의
额外,Extra,额外,,,,,,追加,추가의
背包,Backpack,背包,,,,,,バックパック,배낭
关闭,Close,关闭,,,,,,閉鎖,폐쇄
"ll go the other way""], [13, ""Chat_chat_6"", ""你站在那里不要动"", ""You stand there, don",,"ll go the other way""], [13, ""Chat_chat_6"", ""你站在那里不要动"", ""You stand there, don",,,,,,,
"s rush through together!""], [15, ""Chat_chat_8"", ""不好意思我失误了"", ""Sorry for my mistake""], [16, ""Chat_chat_9"", ""没关系，再试一次吧"", ""It",,"s rush through together!""], [15, ""Chat_chat_8"", ""不好意思我失误了"", ""Sorry for my mistake""], [16, ""Chat_chat_9"", ""没关系，再试一次吧"", ""It",,,,,,,
未来武器箱,Future Chest,未来武器箱,,,,,,未来の武器ボックス,미래 무기 상자
红色昵称,Red Nickname,红色昵称,,,,,,赤いニックネーム,빨간 별명
结算额外奖励,Settlement bonus,结算额外奖励,,,,,,決済ボーナス,정산 보너스
金币袋额外上限,Extra Coin Bag Limit,金币袋额外上限,,,,,,金貨袋用替えキャップ,금화 가방용 추가 캡
随身份概率翻倍,Double identity probability,随身份概率翻倍,,,,,,正体に応じて確率が2倍になる,신분에 따라 확률이 2배가 됩니다.
专属拖尾,Exclusive Trail,专属拖尾,,,,,,排他的なトレーリング,독점 후행
凶手武器,Murderer Weapon,凶手武器,,,,,,殺人兵器,킬러 무기
侦探武器,Detective Weapon,侦探武器,,,,,,探偵用武器,탐정무기
一箱金币,A box of gold coins,一箱金币,,,,,,金貨の入った箱,금화 한 상자
回声战士,Echo Warrior,回声战士,,,,,,エコー戦士,메아리 전사
福瑞,Fury,福瑞,,,,,,フューリー,격노
海绵宝宝装,Spongiebob Costume,海绵宝宝装,,,,,,スポンジボブの衣装,스폰지밥 의상
猫人装,Cat Man,猫人装,,,,,,猫の衣装,고양이 의상
长腿妈妈,Long Leg Mom,长腿妈妈,,,,,,母の長い足,엄마 다리가 길어
猫猫头套服饰,Kitten Headgear,猫猫头套服饰,,,,,,猫のフードの服,고양이 두건 의류
猫咪玩偶服,Kitty Suit,猫咪玩偶服,,,,,,猫の人形の服,고양이 인형 옷
大头玩偶服,Big Head Doll Suit,大头玩偶服,,,,,,ビッグヘッド人形の服,큰 머리 인형 옷
交个朋友鸭,Friend Duck,交个朋友鸭,,,,,,アヒルと友達になる,친구를 사귀다
卡通玩偶服饰,Cartoon Doll Costume,卡通玩偶服饰,,,,,,漫画の人形の服,만화 인형 의류
玩偶熊服饰,Doll Bear Costume,玩偶熊服饰,,,,,,テディベアの衣装,테디 베어 의상
小蓝人服饰,Little Blue Man Clothing,小蓝人服饰,,,,,,リトル・ブルー・マン,리틀 블루 맨 의류
方块玩偶服,Cube Doll Clothes,方块玩偶服,,,,,,正方形の人形の服,스퀘어 인형 옷
兔子玩偶服,Bunny Doll Clothes,兔子玩偶服,,,,,,バニー人形の服,토끼 인형 옷
玩具鸡服饰,Toy Chicken Costume,玩具鸡服饰,,,,,,おもちゃの鶏のコスチューム,장난감 치킨 코스튬
刺猬玩偶服,hedgehog doll suit,刺猬玩偶服,,,,,,ハリネズミ人形の衣装,고슴도치 인형 의상
玩具兔服饰,Toy Bunny Costume,玩具兔服饰,,,,,,おもちゃのバニーコスチューム,장난감 토끼 코스튬
狗头毛毛虫玩偶服,Doll Suit,狗头毛毛虫玩偶服,,,,,,犬頭の毛虫人形コスチューム,개 머리 애벌레 인형 의상
橘龙,Dragon,橘龙,,,,,,オレンジドラゴン,오렌지 드래곤
跳舞熊,Dancing Bear,跳舞熊,,,,,,踊るクマ,춤추는 곰
蓝龙,Azure Dragon,蓝龙,,,,,,ブルードラゴン,블루 드래곤
绿龙,Green Dragon,绿龙,,,,,,グリーンドラゴン,그린 드래곤
黑龙,Black Dragon,黑龙,,,,,,ブラックドラゴン,블랙 드래곤
成都五彩熊,Chengdu colored bear,成都五彩熊,,,,,,成都のカラフルなクマ,청두의 다채로운 곰
小黑子,Blackie,小黑子,,,,,,シャオ・ヘイジ,샤오 헤이지
鸡人装,Chicken Outfit,鸡人装,,,,,,ニワトリの着ぐるみ,치킨 의상
兔人装,Bunny Costume,兔人装,,,,,,バニーコスチューム,토끼 의상
熊人装,Bear Costume,熊人装,,,,,,ベアコスチューム,곰 코스튬
索尼克,Sonik,索尼克,,,,,,ソニック,소닉
狗头毛毛虫,Dog-headed Caterpillar,狗头毛毛虫,,,,,,犬頭の毛虫,개 머리 애벌레
温柔女孩,Gentle Girl,温柔女孩,,,,,,優しい女の子,온화한 소녀
阳光男,Sunny Man,阳光男,,,,,,サンシャインマン,선샤인 맨
叛逆女孩,Rebel Girl,叛逆女孩,,,,,,反抗的な女の子,반항적인 소녀
叛逆男孩,Rebel Boy,叛逆男孩,,,,,,反逆児,반란군 소년
白人举重运动员,White Weightlifter,白人举重运动员,,,,,,白人重量挙げ選手,백인 역도 선수
女仆套装女,Maid Suit,女仆套装女,,,,,,女性のメイドスーツ,여성 하녀복
华丽海盗服,Gorgeous Pirate Costumes,华丽海盗服,,,,,,ゴージャスな海賊コスチューム,화려한 해적 의상
道具收集目标,Item Collection Target,道具收集目标,,,,,,アイテム収集対象,아이템 수집 대상
道具生成数量,Item Generation count,道具生成数量,,,,,,生成されたプロップの数,생성된 소품 수
道具刷新间隔,Item Refresh Interval,道具刷新间隔,,,,,,プロップの更新間隔,소품 새로 고침 간격
地图1湖边别墅,Map 1 Lakeside Villa,地图1湖边别墅,,,,,,マップ 1 レイクサイド ヴィラ,지도 1 레이크사이드 빌라
道具刷新点1,Item Refresh Point 1,道具刷新点1,,,,,,プロップリフレッシュポイント1,소품 새로고침 포인트 1
道具刷新点2,Item Refresh Point 2,道具刷新点2,,,,,,プロップリフレッシュポイント2,소품 새로고침 포인트 2
道具刷新点3,Item Refresh Point 3,道具刷新点3,,,,,,プロップリフレッシュポイント3,소품 새로고침 포인트 3
道具刷新点4,Item Refresh Point 4,道具刷新点4,,,,,,プロップリフレッシュポイント4,소품 새로고침 포인트 4
道具刷新点5,Item Refresh Point 5,道具刷新点5,,,,,,プロップリフレッシュポイント5,소품 새로고침 포인트 5
道具刷新点6,Item Refresh Point 6,道具刷新点6,,,,,,プロップリフレッシュポイント6,소품 새로고침 포인트 6
道具刷新点7,Item Refresh Point 7,道具刷新点7,,,,,,プロップリフレッシュポイント7,소품 새로고침 포인트 7
道具刷新点8,Item Refresh Point 8,道具刷新点8,,,,,,プロップリフレッシュポイント8,소품 새로고침 포인트 8
道具刷新点9,Item Refresh Point 9,道具刷新点9,,,,,,プロップリフレッシュポイント9,소품 새로고침 포인트 9
道具刷新点10,Item Refresh Point 10,道具刷新点10,,,,,,プロップリフレッシュポイント10,소품 새로고침 포인트 10
道具刷新点11,Item Refresh Point 11,道具刷新点11,,,,,,プロップリフレッシュポイント11,소품 새로고침 포인트 11
道具刷新点12,Item Refresh Point 12,道具刷新点12,,,,,,プロップリフレッシュポイント12,소품 새로고침 포인트 12
道具刷新点13,Item Refresh Point 13,道具刷新点13,,,,,,プロップリフレッシュポイント13,소품 새로고침 포인트 13
道具刷新点14,Item Refresh Point 14,道具刷新点14,,,,,,プロップリフレッシュポイント14,소품 새로고침 포인트 14
道具刷新点15,Item Refresh Point 15,道具刷新点15,,,,,,プロップリフレッシュポイント15,소품 새로고침 포인트 15
道具刷新点16,Item Refresh Point 16,道具刷新点16,,,,,,プロップリフレッシュポイント16,소품 새로고침 포인트 16
道具刷新点17,Item Refresh Point 17,道具刷新点17,,,,,,プロップリフレッシュポイント17,소품 새로고침 포인트 17
道具刷新点18,Item Refresh Point 18,道具刷新点18,,,,,,プロップリフレッシュポイント18,소품 새로고침 포인트 18
道具刷新点19,Item Refresh Point 19,道具刷新点19,,,,,,プロップリフレッシュポイント19,소품 새로고침 포인트 19
道具刷新点20,Item Refresh Point 20,道具刷新点20,,,,,,プロップリフレッシュポイント20,소품 새로고침 포인트 20
道具刷新点21,Item Refresh Point 21,道具刷新点21,,,,,,プロップリフレッシュポイント21,소품 새로고침 포인트 21
道具刷新点22,Item Refresh Point 22,道具刷新点22,,,,,,プロップ・リフレッシュ・ポイント22,소품 리프레시 포인트 22
道具刷新点23,Item Refresh Point 23,道具刷新点23,,,,,,プロップ・リフレッシュ・ポイント23,소품 리프레시 포인트 23
道具刷新点24,Item Refresh Point 24,道具刷新点24,,,,,,プロップ・リフレッシュ・ポイント24,소품 리프레시 포인트 24
道具刷新点25,Item Refresh Point 25,道具刷新点25,,,,,,リフレッシュポイント25,소품 다과 포인트 25
地图2XXXX,Map 2XXXX,地图2XXXX,,,,,,マップ 2XXXX,지도 2XXXX
地图3XXXX,Map 3XXXX,地图3XXXX,,,,,,地図 3XXXX,지도 3XXXX
美瞳,Mihito,美瞳,,,,,,デカ目コンタクトレンズ,큰 눈 콘택트렌즈
春季绿,Spring Green,春季绿,,,,,,春の緑,봄의 녹색
宝石蓝,Gem Blue,宝石蓝,,,,,,サファイアブルー,사파이어 블루
虚空紫,Void Purple,虚空紫,,,,,,ボイドパープル,보이드 퍼플
金橙,Golden Orange,金橙,,,,,,金橙,황금빛 오렌지
落日黄,Yellow Sunset,落日黄,,,,,,サンセットイエロー,일몰 노란색
芭比粉,Barbie,芭比粉,,,,,,バービーパウダー,바비 파우더
活力红,Energetic Red,活力红,,,,,,鮮やかな赤,생기 넘치는 레드
"本次更新：
1.新增【马桶人VS监控人】系列挂件，欢迎大家去商店选购~
2.新增【能力商店】，开放杀手局内特殊能力的配置
3.优化了侦探、凶手的操作手感及相关界面
4.调整大厅及关卡场景，提升性能
5.新增还原按钮，镜头卡住的时候点一下试试吧","This update:
1. Added [Skibidi Toilet VS Cameraman] series of pendants, welcome to the shop!
2. Added [Power Store], the configuration of the killer's special abilities is now available.
3. Optimized the operating experience of detectives and murderers and the related interface.
4. Adjust the lobby and level scenes to improve performance.
5. Added reset button; tap it when the camera is stuck.","本次更新：
1.新增【马桶人VS监控人】系列挂件，欢迎大家去商店选购~
2.新增【能力商店】，开放杀手局内特殊能力的配置
3.优化了侦探、凶手的操作手感及相关界面
4.调整大厅及关卡场景，提升性能
5.新增还原按钮，镜头卡住的时候点一下试试吧",,,,,,"今回のアップデート:
1.新しく追加された[トイレマンVSモニタリングマン]シリーズのペンダント、誰もが購入するために店に行くことを歓迎します〜
2.キラーのゲーム内で特殊能力の設定を開くための[アビリティストア]を追加しました
3. 探偵と殺人犯の操作感と関連インターフェースを最適化
4. パフォーマンスを向上させるためにロビーとレベルのシーンを調整する
5. 復元ボタンを追加しました。レンズが動かなくなったときにクリックして試してください。","이번 업데이트:
1. 새로 추가된 [화장실 남자 VS 모니터링 남자] 시리즈 펜던트, 누구나 매장에 가서 구매하실 수 있습니다~
2. 킬러 게임 내 특수 능력 구성을 열 수 있는 [능력 상점]을 추가했습니다.
3. 형사와 살인자의 조작감과 관련 인터페이스를 최적화했습니다.
4. 로비 및 레벨 장면을 조정하여 성능 향상
5. 복원 버튼을 추가했습니다. 렌즈가 걸렸을 때 클릭하여 시도해 보세요."
去购买,Go Shopping,去购买,,,,,,買いに行く,가서 사다
毛衣水手棕发,Sailor Brown Sweater,毛衣水手棕发,,,,,,セーターセーラー茶色の髪,스웨터 선원 갈색 머리
连体制服银发,One-Piece Uniform Silver,连体制服银发,,,,,,銀髪のワンピース制服,은발의 원피스 유니폼
不良水手粉发,Bad Sailor Pink,不良水手粉发,,,,,,悪いセーラーのピンクの髪,나쁜 선원 핑크 머리
韩式水手马尾,Korean Sailor Ponytail,韩式水手马尾,,,,,,韓国のセーラーポニーテール,한국 선원 포니테일
可爱双马尾女,Cute Twin Ponytails,可爱双马尾女,,,,,,ダブルポニーテールのかわいい女の子,더블 포니테일을 가진 귀여운 소녀
兔耳杀马特女,Rabbit Ears,兔耳杀马特女,,,,,,うさ耳キルマットガール,토끼 귀 킬 매트 소녀
棕毛针织衫男,Brown Knit,棕毛针织衫男,,,,,,メンズ ブラウン ウール セーター,남성용 브라운 울 스웨터
红毛不良男,Bad Haired Man,红毛不良男,,,,,,赤毛の不良男,빨간 머리의 비행 남자
蓝马尾科技少女,Blue Ponytail Tech Girl,蓝马尾科技少女,,,,,,青いポニーテールのテクノロジー少女,파란색 포니테일을 가진 기술 소녀
粉“兔耳”科技少女,Pink """"Bunny Ears"""" Technology Girl,粉“兔耳”科技少女,,,,,,ピンクの「ウサギの耳」テクノロジー少女,핑크색 '토끼 귀' 기술 소녀
精英风男,Elite Man,精英风男,,,,,,エリートスタイルの男性,엘리트 스타일의 남자
可爱鲨鱼男,Cute Shark,可爱鲨鱼男,,,,,,かわいいサメ男,귀여운 상어 남자
文静大小姐,Miss Wen Jing,文静大小姐,,,,,,文京さん,미스 웬징
兔耳美少女,Bunny Girl,兔耳美少女,,,,,,ウサギの耳を持つ美しい女の子,토끼 귀를 가진 아름다운 소녀
男老师,Male Teacher,男老师,,,,,,男性教師,남자 선생님
宅男,Geek,宅男,,,,,,オタク,오타쿠
潮流女孩,Stylish Girl,潮流女孩,,,,,,トレンディな女の子,트렌디한 소녀
大厅等待时长,Lobby waiting time,大厅等待时长,,,,,,ロビーの待ち時間,로비 대기시간
对局时长,Match Duration,对局时长,,,,,,ゲーム時間,게임 시간
分配身份时长,Assign Identity Duration,分配身份时长,,,,,,ID の期間を割り当てる,신원 기간 할당
分配身份变换间隔,Assign Identity Transformation Interval,分配身份变换间隔,,,,,,ID 変更間隔の割り当て,ID 변경 간격 할당
控制文本变化速度,Control the text change speed,控制文本变化速度,,,,,,テキストの変更速度を制御する,텍스트 변경 속도 제어
确认身份时长,Confirmation Duration,确认身份时长,,,,,,本人確認の時間,본인 확인 시간
初始权重,Initial Weight,初始权重,,,,,,初期重量,초기 무게
增加权重,Increase Weight,增加权重,,,,,,体重を増やす,체중을 늘리다
初始概率,Initial Probability,初始概率,,,,,,初期確率,초기 확률
增加概率,Increase Probability,增加概率,,,,,,確率を上げる,확률 증가
死亡效果时长,Death Effect Duration,死亡效果时长,,,,,,死亡効果の持続時間,사망 효과 지속 시간
胜利宣告文本缩放时长,Victory text zoom time,胜利宣告文本缩放时长,,,,,,勝利宣言テキストのズーム期間,승리 발표 텍스트 확대/축소 기간
胜利宣告烟花缩放时长,Fireworks zoom time,胜利宣告烟花缩放时长,,,,,,勝利発表花火のズーム時間,승리 발표 불꽃놀이 줌 지속 시간
胜利宣告总时长,Total Victory Announcement Time,胜利宣告总时长,,,,,,勝利発表の合計時間,승리 발표의 총 시간
金币袋初始上限,Initial Limit of Coin Bag,金币袋初始上限,,,,,,金貨袋の初期上限,금화주머니 초기 상한선
可以通过其他途径提升,Can be upgraded in other ways,可以通过其他途径提升,,,,,,他の方法で改善できる,다른 방법을 통해 개선될 수 있음
生命值,HP,生命值,,,,,,HP,HP
角色基础数值,Character Base Value,角色基础数值,,,,,,文字ベース値,문자 기본 값
移动速度,Speed,移动速度,,,,,,移動速度,이동 속도
跳跃高度,Jump Height,跳跃高度,,,,,,ジャンプの高さ,점프 높이
最大跳跃次数,Maximum Jumps,最大跳跃次数,,,,,,最大ジャンプ数,최대 점프 횟수
局内准备时长,In-game preparation time,局内准备时长,,,,,,社内準備時間,사내 준비 시간
金币刷新间隔,Gold Refresh Interval,金币刷新间隔,,,,,,ゴールドコインの更新間隔,금화 새로 고침 간격
近战武器延迟检测时长,Melee Weapon Delay Detection Duration,近战武器延迟检测时长,,,,,,近接武器の遅延検出時間,근접 무기 지연 감지 시간
攻击动作和攻击特效间隔时长,Attack Action and Attack Effect Interval Time,攻击动作和攻击特效间隔时长,,,,,,攻撃動作から攻撃効果までの時間,공격 행동과 공격 효과 사이의 지속 시간
死亡动作播放时长,Death Action playback time,死亡动作播放时长,,,,,,死亡アクションプレイ時間,데스액션 플레이 시간
凶手移动速度,Murderer's Speed,凶手移动速度,,,,,,殺人者の移動速度,살인자의 이동 속도
参与对局奖励,Participation reward,参与对局奖励,,,,,,ゲーム参加の報酬,게임 참여에 대한 보상
参与对局可获得的奖励,Rewards for participating in matches,参与对局可获得的奖励,,,,,,ゲーム参加の報酬,게임 참여에 대한 보상
存活人数默认颜色（白）,Default Color of Survived (White),存活人数默认颜色（白）,,,,,,生存者数のデフォルト色（白）,생존자 수 기본 색상(흰색)
存活人数激活颜色（红）,Activate Color (Red),存活人数激活颜色（红）,,,,,,生存者数の発動色（赤）,생존자 수 활성화 색상(빨간색)
学生每秒获得经验值,Students gain EXP per second,学生每秒获得经验值,,,,,,学生は毎秒経験値を獲得します,학생들은 매초마다 경험치를 얻습니다.
准备倒计时中央停留时长,Ready to countdown Central Stay Time,准备倒计时中央停留时长,,,,,,準備カウントダウンセンター滞在時間,준비 카운트다운 센터 체류 시간
<准备时长,< Preparation time,<准备时长,,,,,,<準備時間,<준비시간
结算-动画结束后的界面显示时长,Settlement - Display time after animation ends,结算-动画结束后的界面显示时长,,,,,,Settlement - アニメーション終了後のインターフェイス表示の継続時間,정착 - 애니메이션 종료 후 인터페이스 표시 기간
掏枪图片GUID,Free Gun Graphics,掏枪图片GUID,,,,,,銃の画像のGUID,총 그림 GUID
暂时ID，后期需修改为正式图标,"Temporary ID, need to be changed to an official icon later.",暂时ID，后期需修改为正式图标,,,,,,仮IDです。後で正式アイコンに変更する必要があります。,추후 공식 아이콘으로 변경이 필요한 임시 아이디입니다.
收枪图片GUID,Retract Image GUID,收枪图片GUID,,,,,,銃コレクション画像 GUID,총 수집 사진 GUID
掏刀图片GUID,Graphics GUID,掏刀图片GUID,,,,,,ナイフの絵のGUID,칼 그림 GUID
收刀图片GUID,Retract Image GUID,收刀图片GUID,,,,,,シース画像GUID,외장 이미지 GUID
投掷飞刀架势图片GUID,Knife Throw Image GUID,投掷飞刀架势图片GUID,,,,,,ナイフ投げ姿勢画像 GUID,칼 던지는 자세 사진 GUID
投掷飞刀复原图片GUID,Throw Knife to restore image GUID,投掷飞刀复原图片GUID,,,,,,手投げナイフ回復画像 GUID,투척용 칼 회수 이미지 GUID
场景内AI穿透名字屏蔽,AI penetrates name masking in the scene.,场景内AI穿透名字屏蔽,,,,,,AI がシーン内の名前ブロックを突破,AI가 현장에서 이름 차단 침투
死亡动作恢复时间延迟,Dead Action Recovery Time Delay,死亡动作恢复时间延迟,,,,,,死亡アクションの回復時間の遅延,사망 동작 회복 시간 지연
Loading时间,Loading time,Loading时间,,,,,,ロード時間,로딩 시간
尸体死亡姿态,Body Death Stance,尸体死亡姿态,,,,,,死体の死のポーズ,시체 죽음 포즈
金币图标GUID,Coin Icon GUID,金币图标GUID,,,,,,ゴールド コイン アイコン GUID,금화 아이콘 GUID
钻石图标GUID,Diamond Icon GUID,钻石图标GUID,,,,,,ダイヤモンドアイコンのGUID,다이아몬드 아이콘 GUID
广告券图标GUID,Voucher Icon GUID,广告券图标GUID,,,,,,広告クーポンアイコン GUID,광고 쿠폰 아이콘 GUID
超级特权钥匙图标GUID,Super Privilege Key Icon GUID,超级特权钥匙图标GUID,,,,,,スーパー特権キーアイコンのGUID,슈퍼 권한 키 아이콘 GUID
子弹速度,Bullet Speed,子弹速度,,,,,,弾丸速度,총알 속도
飞刀速度,Knife Speed,飞刀速度,,,,,,フライングナイフの速度,플라잉 나이프 속도
射击速度,Shooting Speed,射击速度,,,,,,発射速度,발사 속도
近战扇形角度,Melee Fan,近战扇形角度,,,,,,近接ファンの角度,근접 팬 각도
近战扇形半径,Melee Sector Radius,近战扇形半径,,,,,,近接セクターの半径,근접 팬 반경
近战扇形最高高度,Highest Melee Height,近战扇形最高高度,,,,,,近接セクターの最大高さ,근접 섹터 최대 높이
近战扇形最低高度,Minimum Melee Sector Height,近战扇形最低高度,,,,,,近接ファンの最小高さ,근접 팬의 최소 높이
死亡激励-金币数量,Death Incentive - Coins,死亡激励-金币数量,,,,,,死亡奨励金 - 金貨の量,사망 인센티브 - 금화의 양
死亡激励-界面显示时间,Death Incentive - Display Time,死亡激励-界面显示时间,,,,,,Death Incentive-インターフェイスの表示時間,사망 인센티브-인터페이스 표시 시간
经过多久激励显示界面会自动关闭,How long will the incentive display screen close automatically?,经过多久激励显示界面会自动关闭,,,,,,一定時間が経過すると、インセンティブ表示インターフェイスが自動的に閉じます,얼마 후에 인센티브 디스플레이 인터페이스가 자동으로 닫힙니다.
结算激励-额外奖励倍数m,Settlement Incentive - Extra reward multiplier m,结算激励-额外奖励倍数m,,,,,,決済インセンティブ - 追加報酬数百万円,정산 인센티브-추가 보상 배수 m
大厅激励-基础金币数量A,Lobby Incentive - Base Coin count A,大厅激励-基础金币数量A,,,,,,ホールインセンティブ 基本金貨額,홀 인센티브-기본 골드 코인 수량
大厅激励-额外金币系数n,Lobby Incentive - Extra Coin Factor n,大厅激励-额外金币系数n,,,,,,ホールインセンティブ・おまけ金貨係数n,홀 인센티브 - 추가 금화 계수 n
大厅激励-倒计时时长T,Lobby Incentive - Countdown Duration T,大厅激励-倒计时时长T,,,,,,ロビーインセンティブ - カウントダウン期間 T,로비 인센티브 카운트다운 기간 T
大厅激励-广告上限L,Lobby Incentive - Advertising Limit L,大厅激励-广告上限L,,,,,,ロビーインセンティブ - 広告制限 L,로비 인센티브 광고 제한 L
结算插屏-插屏间隔,Settlement Slots - Slots Interval,结算插屏-插屏间隔,,,,,,決済間隙 - 間隙間隔,정산 전면 광고 - 전면 광고 간격
会员特权昵称变色,Member Privilege Nickname Color,会员特权昵称变色,,,,,,会員特典ニックネームの色が変わります,회원특전 닉네임 색상 변경
会员界面开放场数要求,Member interface opening times required,会员界面开放场数要求,,,,,,メンバーシップ インターフェイスに対して開かれるセッションの数の要件,멤버십 인터페이스에 공개되는 세션 수에 대한 요구 사항
自动瞄准索敌半径,Automatically target the enemy radius.,自动瞄准索敌半径,,,,,,敵の半径を検出する自動照準,적 반경을 감지하는 자동 조준
初始瞄准ui大小,Initial Aim ui Size,初始瞄准ui大小,,,,,,初期ターゲット UI サイズ,초기 대상 UI 크기
瞄准ui缩放下限,Zoom Lower Limit,瞄准ui缩放下限,,,,,,ui スケーリングの下限を目指す,UI 스케일링의 하한을 목표로 하세요.
攻击检测半径,Attack Detection Radius,攻击检测半径,,,,,,攻撃検知範囲,공격 감지 반경
等级UI缩小最大距离,Level UI shrinks the maximum distance,等级UI缩小最大距离,,,,,,レベル UI により最大距離が減少します,레벨 UI는 최대 거리를 줄입니다.
等级UI最小缩小,Minimum Level UI Reduction,等级UI最小缩小,,,,,,レベルUIの最小削減,레벨 UI 최소 감소
警察开枪CD,Cop Shot CD,警察开枪CD,,,,,,警察発砲CD,경찰촬영CD
警察开枪动作/音效持续时间,Police shooting action/sound duration,警察开枪动作/音效持续时间,,,,,,警察の発砲アクション/効果音の長さ,경찰 총격 액션/음향 효과 지속 시간
飞刀CD,Knife CD,飞刀CD,,,,,,投げナイフCD,투척칼 CD
飞刀旋转速度,Knife Rotation Speed,飞刀旋转速度,,,,,,フライングナイフ回転速度,플라잉 나이프 회전 속도
近战挥刀间隔,Melee Swing Interval,近战挥刀间隔,,,,,,近接ナイフの振り間隔,근접 칼 휘두르는 간격
黑幕时间,Shadow Time,黑幕时间,,,,,,日陰の時間,그늘진 시간
展示时间,Display Time,展示时间,,,,,,表示時間,표시 시간
终结者特效GUID,Terminator Effect GUID,终结者特效GUID,,,,,,ターミネーター特殊効果 GUID,터미네이터 특수 효과 GUID
终结者特效缩放,Terminator Effect Zoom,终结者特效缩放,,,,,,ターミネーターの特殊効果のスケーリング,터미네이터 특수 효과 스케일링
终结者特效偏移,Terminator Effect Offset,终结者特效偏移,,,,,,ターミネーター効果のオフセット,터미네이터 효과 오프셋
终结者特效旋转,Terminator Effect Rotation,终结者特效旋转,,,,,,ターミネーターの特殊効果のローテーション,터미네이터 특수효과 로테이션
GUID | 速度,GUID | Speed,GUID | 速度,,,,,,GUID | 速度,GUID | 속도
黑幕透明度不变时间比例,Shadow Transparency Fixed Time Ratio,黑幕透明度不变时间比例,,,,,,黒画面透明度一定時間比,검은 화면 투명도 일정 시간 비율
击杀额外范围音效,Slay an extra range of sound effects.,击杀额外范围音效,,,,,,余分な範囲の効果音を消す,추가 범위 음향 효과 제거
近战消灭特效,Melee Annihilation Effect,近战消灭特效,,,,,,近接キル効果,근접 처치 효과
远程消灭特效(枪和飞刀),Ranged elimination effects (gun and flying knife).,远程消灭特效(枪和飞刀),,,,,,遠隔破壊効果（銃と投げナイフ）,원격 파괴 효과(총 및 투척용 칼)
灵魂特效,Soul Effect,灵魂特效,,,,,,ソウルエフェクト,소울 효과
击杀震屏xy轴幅度,Slay shockscreen xy amplitude,击杀震屏xy轴幅度,,,,,,キルショック画面の xy 軸振幅,충격 스크린 xy 축 진폭 종료
击杀震屏xy轴频率,Slay the shockscreen xy axis frequency,击杀震屏xy轴频率,,,,,,キルシェイク画面のxy軸周波数,흔들림 화면 xy 축 주파수 종료
击杀震屏内置CD,Kill Shockscreen built-in CD,击杀震屏内置CD,,,,,,キリングショックスクリーン内蔵CD,킬링 쇼크 스크린 내장 CD
死亡震屏roll轴幅度,Death Screen Roll Axis Amplitude,死亡震屏roll轴幅度,,,,,,デススクリーンロール軸振幅,죽음의 화면 롤 축 진폭
死亡震屏roll轴频率,Death Screen Roll Axis Frequencies,死亡震屏roll轴频率,,,,,,デスシェイクスクリーンロール軸周波数,데스 쉐이크 스크린 롤 축 주파수
消灭UI持续时间,Eliminate UI Duration,消灭UI持续时间,,,,,,UI のキル期間,UI 지속 시간 종료
消灭UI上升距离,Eliminate UI ascent distance,消灭UI上升距离,,,,,,UIの上昇距離をなくす,UI 상승 거리 제거
消灭UI偏移x,Eliminate UI offsetx,消灭UI偏移x,,,,,,UI オフセット x を削除します,UI 오프셋 x 제거
消灭UI偏移y,Eliminate UI offset y,消灭UI偏移y,,,,,,UI オフセット y を削除します,UI 오프셋 제거 y
终结击杀彩带特效,Terminate Kill Ribbon Effect,终结击杀彩带特效,,,,,,ファイナルキルリボンの特殊効果,파이널 킬 리본 특수 효과
警察打错自身特效,Cops mistake their effects.,警察打错自身特效,,,,,,警察は間違った特殊効果を撮影した,경찰이 특수효과를 잘못 쐈다
挥刀随即动作数组,Wave the knife and take action.,挥刀随即动作数组,,,,,,ナイフを振るための即時アクションの配列,칼을 휘두르는 즉각적인 행동의 배열
弹孔特效,Bullet Hole Effect,弹孔特效,,,,,,弾痕効果,총알 구멍 효과
击杀震屏时间,Slay Shockwave Time,击杀震屏时间,,,,,,殺害後の画面ショック時間,살해 후 화면 충격 시간
死亡震屏时间,Death Shockwave Time,死亡震屏时间,,,,,,死の震えの時間,죽음의 흔들림 시간
挥刀动作时间,Swing Action Time,挥刀动作时间,,,,,,ナイフ振り動作時間,칼 스윙 동작 시간
弹道特效xy轴缩放,Projectile Effect xy Axis Zoom,弹道特效xy轴缩放,,,,,,弾道効果の xy 軸スケーリング,탄도 효과 xy 축 스케일링
弹道特效持续时间,Projectile Effect Duration,弹道特效持续时间,,,,,,弾道効果の持続時間,탄도 효과 지속 시간
描边颜色,Fringe Color,描边颜色,,,,,,ストロークの色,획 색상
描边粗细,Thick strokes,描边粗细,,,,,,ストローク重量,스트로크 무게
护盾特效,Shield Effect,护盾特效,,,,,,シールド効果,방패 효과
局内出生点组-关卡1,Intra-game Spawn Point Group - Level 1,局内出生点组-关卡1,,,,,,ゲーム内スポーン ポイント グループ - レベル 1,게임 내 스폰 지점 그룹 - 레벨 1
大厅出生点组,Lobby Spawn Point Group,大厅出生点组,,,,,,ホールスポーンポイントグループ,홀 생성 지점 그룹
掉落武器触发器,Drop Weapon Trigger,掉落武器触发器,,,,,,ドロップ武器トリガー,무기 트리거 드롭
掉落武器模型,Drop Weapon Model,掉落武器模型,,,,,,ドロップ武器モデル,무기 모델 드롭
道具触发器,Item Trigger,道具触发器,,,,,,プロップトリガー,소품 트리거
金币触发器+金币模型,Coin Trigger + Coin Model,金币触发器+金币模型,,,,,,金貨トリガー+金貨モデル,금화 트리거 + 금화 모델
局内出生点组-关卡2,Intra-game Spawn Point Group - Level 2,局内出生点组-关卡2,,,,,,ゲーム内スポーン ポイント グループ - レベル 2,게임 내 스폰 지점 그룹 - 레벨 2
玩家头顶名称,Player Name,玩家头顶名称,,,,,,頭の上にプレイヤー名,머리 위의 플레이어 이름
世界UI脚本,World UI Script,世界UI脚本,,,,,,ワールドUIスクリプト,월드 UI 스크립트
AI父节点,AI Parent,AI父节点,,,,,,AI親ノード,AI 상위 노드
局内出生点组-关卡3,Intra-game Spawn Point Group - Level 3,局内出生点组-关卡3,,,,,,ゲーム内スポーン ポイント グループ - レベル 3,게임 내 스폰 지점 그룹 - 레벨 3
短发女,Short-haired Woman,短发女,,,,,,ショートヘアの女の子,짧은 머리 소녀
机械女,Robotic Girl,机械女,,,,,,機械少女,기계소녀
赛博套装,Cyber Suit,赛博套装,,,,,,サイバー・スーツ,사이버 수트
机甲套装,Mecha Suit,机甲套装,,,,,,メカスーツ,메카 슈트
机器人,Robot,机器人,,,,,,ロボット,기계 인간
赛博服饰,Cyber Outfit,赛博服饰,,,,,,サイバーウェア,사이버웨어
刺猬小子,hedgehog boy,刺猬小子,,,,,,ヘッジホッグ・ボーイ,고슴도치 소년
魔法男孩,Magic Boy,魔法男孩,,,,,,魔法少年,마법의 소년
长袜制服鞋,Uniform Shoes with Stockings,长袜制服鞋,,,,,,ストッキングユニフォームシューズ,스타킹 유니폼 신발
细跟尖头鞋,Pointed High Heels,细跟尖头鞋,,,,,,ピンヒール,스틸레토 힐 슈즈
猫猫鞋套,Cat Shoe Covers,猫猫鞋套,,,,,,猫の靴カバー,고양이 신발 커버
皮鞋,Leather Shoes,皮鞋,,,,,,革靴,가죽 신발
小熊鞋,Bear Boots,小熊鞋,,,,,,リトル・ベア・シューズ,리틀 베어 신발
物品种类,Item Type,物品种类,,,,,,アイテムの種類,품목 유형
近战数量,Melee count,近战数量,,,,,,近接攻撃量,근접 수량
斧子,Axe,斧子,,,,,,斧,도끼
菜刀（带光）,Kitchen Knife (with Light),菜刀（带光）,,,,,,包丁（ライト付）,부엌칼(라이트 포함)
镖(波动),Dart (Void),镖(波动),,,,,,ダーツ（ゆらぎ）,다트(변동)
镖(聚气),Dart (Gathered),镖(聚气),,,,,,ダーツ（気を集める）,다트(기 모으기)
远程数量,Remote count,远程数量,,,,,,リモート数量,원격 수량
拖尾数量,Trail count,拖尾数量,,,,,,後続数量,후행 수량
烟雾\n参考翻译：Somke,Smoke\nReference Translation: Somke,烟雾\n参考翻译：Somke,,,,,,スモーク\n参考翻訳: Somke,연기\n참조 번역: Somke
紫电\n参考翻译：Purple Lighting,Purple Lightning\nReference Translation: Purple Lighting,紫电\n参考翻译：Purple Lighting,,,,,,紫色の照明\n参考翻訳: 紫色の照明,보라색 조명\n참조 번역: 보라색 조명
雷霆\n参考翻译：Lighting,Thunder \n Reference Translation: Lighting,雷霆\n参考翻译：Lighting,,,,,,雷\n参考翻訳: 雷,Thunder\n참조 번역: Lightning
清风\n参考翻译：Wind,Breeze \n Reference Translation: Wind,清风\n参考翻译：Wind,,,,,,Qingfeng\n参考翻訳: 風,Qingfeng\n참조 번역: 바람
虹彩\n参考翻译：Rainbow,Rainbow\nReference Translation: Rainbow,虹彩\n参考翻译：Rainbow,,,,,,レインボー\n参考翻訳: レインボー,Rainbow\n참조 번역: Rainbow
梦幻\n参考翻译：Illusion,Dreamy\nReference Translation: Illusion,梦幻\n参考翻译：Illusion,,,,,,ファンタジー\n参考翻訳: 幻想,판타지\n참조 번역: Illusion
套装数量,Set count,套装数量,,,,,,セット数量,수량 설정
挂件数量,Number of Pendants,挂件数量,,,,,,ペンダントの数,펜던트 수
玩家脚步,Player Footsteps,玩家脚步,,,,,,プレイヤーの足音,플레이어 발자국
拾取金币,Pick up coins,拾取金币,,,,,,金貨を拾う,금화를 집으세요
落地音效,Landing Sound,落地音效,,,,,,床効果音,바닥 음향 효과
随机身份-凶手确认音效,Random Identity - Murderer Confirms Sound,随机身份-凶手确认音效,,,,,,ランダムな身元-殺人者確認効果音,무작위 신원-살인자 확인 음향 효과
随机身份-侦探确认音效,Random Identity - Detective Confirms Sound,随机身份-侦探确认音效,,,,,,ランダムな本人確認効果音,무작위 신원 탐지 확인 음향 효과
随机身份-学生确认音效,Random Identity - Student Confirmation Sound,随机身份-学生确认音效,,,,,,ランダムな本人確認効果音,무작위 신원 확인 - 학생 확인 음향 효과
死亡音效（被刀）,Death Sound (Knife),死亡音效（被刀）,,,,,,死亡効果音（ナイフで刺される）,사망 음향 효과(칼에 찔림)
胜利展示BGM,Victory Display BGM,胜利展示BGM,,,,,,ビクトリーショーBGM,승리쇼 BGM
进入大厅前音乐,Music before entering the lobby,进入大厅前音乐,,,,,,会場に入る前の音楽,홀에 들어가기 전 음악
大厅音乐,Lobby Music,大厅音乐,,,,,,ホールミュージック,홀 음악
地图1音乐,Map 1 Music,地图1音乐,,,,,,マップ 1 の音楽,지도 1 음악
地图2音乐,Map 2 Music,地图2音乐,,,,,,マップ 2 ミュージック,지도 2 음악
地图3音乐,Map 3 Music,地图3音乐,,,,,,マップ3の音楽,맵 3 음악
开枪时的音效,Sound when shooting,开枪时的音效,,,,,,撮影時の効果音,촬영 시 음향 효과
换弹时的音效,Sound during reloading,换弹时的音效,,,,,,リロード時の効果音,다시 로드할 때의 음향 효과
投掷飞刀的音效,Sound of throwing a flying knife.,投掷飞刀的音效,,,,,,投げナイフの効果音,칼을 던지는 소리 효과
子弹成功命中音效,Bullet successfully hits the sound effect.,子弹成功命中音效,,,,,,弾丸が効果音に成功しました,총알이 음향 효과에 성공적으로 도달했습니다.
投掷飞刀的命中音效,Sound of knife throwing hit,投掷飞刀的命中音效,,,,,,投げナイフヒット効果音,던지는 칼 타격 음향 효과
消灭额外音效,Eliminate extra sound,消灭额外音效,,,,,,追加の効果音を消す,추가 음향 효과 제거
爆炸飞刀爆炸音效,Explosive Knife Explosion Sound,爆炸飞刀爆炸音效,,,,,,爆発するナイフの爆発効果音,폭발 칼 폭발 음향 효과
成功购买/激活,Successful purchase/activation,成功购买/激活,,,,,,購入/アクティベーションが成功しました,성공적인 구매/활성화
购买/激活失败,Purchase/Activation Failed,购买/激活失败,,,,,,購入/アクティベーションに失敗しました,구매/활성화 실패
体型_收藏,Body Size_Collection,体型_收藏,,,,,,ボディタイプ_コレクション,체형_컬렉션
肤色_收藏,Color_Collection,肤色_收藏,,,,,,カラーコレクション,색상_컬렉션
脸型_收藏,Face Collection,脸型_收藏,,,,,,フェイス・コレクション,Face_Collection
眼睛_收藏,Eye_Collection,眼睛_收藏,,,,,,アイズ_コレクション,Eyes_Collection
眉毛_收藏,Eyebrow Collection,眉毛_收藏,,,,,,眉毛コレクション,눈썹_컬렉션
妆容_收藏,Makeup Collection,妆容_收藏,,,,,,メイクアップコレクション,메이크업_컬렉션
表情_收藏,Expressions_Collection,表情_收藏,,,,,,絵文字コレクション,이모티콘_컬렉션
套装_收藏,Outfit_Collection,套装_收藏,,,,,,セット_コレクション,Set_Collection
头发_收藏,Hair_Collection,头发_收藏,,,,,,ヘアコレクション,헤어 컬렉션
上衣_收藏,Topless Collection,上衣_收藏,,,,,,トップス_コレクション,Tops_Collection
下衣_收藏,Bottoms_Collection,下衣_收藏,,,,,,アンダーウェア・コレクション,속옷_컬렉션
鞋子_收藏,Shoes Collection,鞋子_收藏,,,,,,シューズ・コレクション,신발_컬렉션
手套_收藏,Gloves_Collection,手套_收藏,,,,,,グローブ_コレクション,장갑_컬렉션
宠物_收藏,Pet Collection,宠物_收藏,,,,,,ペット・コレクション,애완동물_컬렉션
饰品_收藏,Accessories_Collection,饰品_收藏,,,,,,ジュエリー・コレクション,주얼리_컬렉션
瞳孔贴画,Pupil Art,瞳孔贴画,,,,,,生徒ステッカー,동공 스티커
瞳孔样式_收藏,Pupil Style _ Collection,瞳孔样式_收藏,,,,,,生徒のスタイル_コレクション,동공 스타일_컬렉션
瞳孔贴花_收藏,Pupil Decals _ Collection,瞳孔贴花_收藏,,,,,,生徒シールコレクション,동공 데칼_컬렉션
上高光_收藏,Highlights_Collection,上高光_收藏,,,,,,アッパーハイライト_コレクション,상단 하이라이트_컬렉션
下高光_收藏,Highlights_Collection,下高光_收藏,,,,,,下段ハイライト_コレクション,하단 하이라이트_컬렉션
睫毛_收藏,Eyelashes Collection,睫毛_收藏,,,,,,アイラッシュコレクション,속눈썹_컬렉션
眼影_收藏,Eyeshadow Collection,眼影_收藏,,,,,,アイシャドウコレクション,아이섀도우_컬렉션
腮红_收藏,Blush _ Collection,腮红_收藏,,,,,,チーク・コレクション,블러셔_컬렉션
口红_收藏,Lipstick_Collection,口红_收藏,,,,,,リップスティック・コレクション,립스틱_컬렉션
面部彩绘_收藏,Face Painting Collection,面部彩绘_收藏,,,,,,フェイスペインティング_コレクション,페이스 페인팅_컬렉션
整体发型_收藏,Hairstyle Collection,整体发型_收藏,,,,,,ヘアコレクション,전체 헤어 컬렉션
前发_收藏,Forward_Collection,前发_收藏,,,,,,フォア・コレクション,Fore_Collection
后发_收藏,Future_Collection,后发_收藏,,,,,,バックコレクション,Back_Collection
左手_收藏,Left Hand_Collection,左手_收藏,,,,,,左手コレクション,왼손_수집
右手_收藏,Right Hand_Collection,右手_收藏,,,,,,右手_コレクション,오른손_수집
背饰_收藏,Accessory_Collection,背饰_收藏,,,,,,バックドロップ・コレクション,배경_컬렉션
耳饰_收藏,Earrings Collection,耳饰_收藏,,,,,,イヤリング_コレクション,귀걸이_컬렉션
面饰_收藏,Face Decors_Collection,面饰_收藏,,,,,,デコレーション・コレクション,장식_컬렉션
臀部_收藏,Hip Collection,臀部_收藏,,,,,,ヒップ・コレクション,힙_컬렉션
肩部_收藏,Shoulder Collection,肩部_收藏,,,,,,ショルダーコレクション,어깨_컬렉션
特效_收藏,Effect_Collection,特效_收藏,,,,,,特殊効果_コレクション,특수 효과_컬렉션
拖尾_收藏,Trail_Collect,拖尾_收藏,,,,,,テール_コレクション,Tail_Collection
大厅倒计时,Lobby Countdown,大厅倒计时,,,,,,ホールカウントダウン,홀 카운트다운
随机地图,Random Map,随机地图,,,,,,ランダムマップ,무작위 지도
公告,Announcements,公告,,,,,,発表,발표
本次更新：\n1.新增【马桶人VS监控人】系列挂件，欢迎大家去商店选购~\n2.新增【能力商店】，开放杀手局内特殊能力的配置\n3.优化了侦探、凶手的操作手感及相关界面\n4.调整大厅及关卡场景，提升性能,"This update: 1. New [Skibidi Toilet VS Cameraman] series of pendants, welcome to the shop! 2. New [Power Store], the configuration of the murderer's special abilities is now available! 3. Optimised the operating experience of detectives and murderers and the related interface. 4. Adjusted the lobby and level scenes to improve performance.",本次更新：\n1.新增【马桶人VS监控人】系列挂件，欢迎大家去商店选购~\n2.新增【能力商店】，开放杀手局内特殊能力的配置\n3.优化了侦探、凶手的操作手感及相关界面\n4.调整大厅及关卡场景，提升性能,,,,,,今回のアップデート:\n1. [トイレ男 VS 監視男] シリーズのペンダントを追加しました。誰でもストアで購入できます~\n2. [アビリティ ストア] を追加し、殺人者のオフィスで特殊能力の構成を開きました\n3.探偵、殺人者の操作感と関連インターフェース\n4. ロビーとレベルのシーンを調整してパフォーマンスを向上させます。,"이번 업데이트:\n1. [화장실 남자 VS 모니터링 남자] 시리즈가 추가되었습니다. 누구나 매장에서 구매하실 수 있습니다~\n2. 킬러 뷰로에서 특수 능력 구성이 열리게 됩니다~\n3. 형사, 살인자의 조작감 및 관련 인터페이스\n4. 로비 및 레벨 장면을 조정하여 성능을 향상시킵니다."
公告按钮,Announcement Button,公告按钮,,,,,,お知らせボタン,공지사항 버튼
局内倒计时,Countdown,局内倒计时,,,,,,ゲーム内のカウントダウン,게임 내 카운트다운
随机分配身份,Randomly assign identities,随机分配身份,,,,,,ID をランダムに割り当てる,무작위로 ID 할당
身份目标栏,Identity Bar,身份目标栏,,,,,,IDターゲット列,ID 타겟 열
死亡效果,Death Effect,死亡效果,,,,,,死亡効果,사망 효과
胜利宣告,Victory Announcement,胜利宣告,,,,,,勝利宣言,승리의 선언
失败宣告,Failed Announcement,失败宣告,,,,,,失敗の宣言,실패 선언
局内玩家信息栏,Player Info,局内玩家信息栏,,,,,,ゲーム内のプレイヤー情報欄,게임 내 플레이어 정보 열
学生存活经验,Student Survival Experience,学生存活经验,,,,,,学生のサバイバル体験,학생 생존 경험
凶手局内目标,Murderer's Intra-game Target,凶手局内目标,,,,,,殺人者のターゲット,살인자의 표적
侦探局内目标,Detective Target,侦探局内目标,,,,,,探偵局のターゲット,탐정국 표적
英雄局内目标,Hero Intra-game Target,英雄局内目标,,,,,,ヒーローターゲット,영웅 대상
你化身学生英雄，找到凶手击败他！,"You transform into a student hero, find the murderer, and defeat him!",你化身学生英雄，找到凶手击败他！,,,,,,あなたは学生のヒーローとなり、殺人犯を見つけて倒します!,당신은 학생 영웅이 되어 살인자를 찾아 물리치세요!
学生局内目标,student bureau goal,学生局内目标,,,,,,学生局の目標,학생회 목표
死亡提示,Death Reminder,死亡提示,,,,,,死のリマインダー,사망 알림
 对局时间耗尽； 凶手失败，侦探失败； 部分学生胜利，无英雄 ," Match runs out of time; Murderer fails, Detective fails; Some students win, no heroes ", 对局时间耗尽； 凶手失败，侦探失败； 部分学生胜利，无英雄 ,,,,,, ゲームの時間が終了し、殺人者は失敗し、一部の生徒は失敗しますが、ヒーローはいません。 , 게임 시간이 종료되었습니다. 살인자는 실패하고 일부 학생은 실패하지만 영웅은 없습니다. 
 对局时间耗尽； 凶手失败，侦探失败； 部分学生胜利，英雄失败 ," Match runs out of time; Murderer fails, Detective fails; Some students win, heroes fail ", 对局时间耗尽； 凶手失败，侦探失败； 部分学生胜利，英雄失败 ,,,,,, ゲームの時間切れ、殺人者は失敗、探偵は失敗するが、主人公は失敗する。 , 게임 시간이 종료되었습니다. 살인자는 실패하고 일부 학생은 실패하지만 영웅은 실패합니다. 
结算-凶手,Settlement - Murderer,结算-凶手,,,,,,集落殺人者,정착 살인자
消灭了{0}名学生,Eliminated {0}students,消灭了{0}名学生,,,,,,一掃された{0}学生,전멸{0}재학생
结算-学生,Settlement - Student,结算-学生,,,,,,請求者-学生,청구-학생
结算-侦探,Settlement - Detective,结算-侦探,,,,,,和解探偵,정착탐정
结算-英雄,Settlement - Hero,结算-英雄,,,,,,集落の英雄,정착지-영웅
结算-凶手/学生胜利经验值,Settlement - Murderer/Student Victory EXP,结算-凶手/学生胜利经验值,,,,,,和解殺人者/学生の勝利経験値,정착 살인자/학생 승리 경험치
结算-侦探/英雄胜利经验值,Settlement - Detective/Hero Victory EXP,结算-侦探/英雄胜利经验值,,,,,,和解 - 探偵/ヒーローの勝利経験値,정착지 - 탐정/영웅 승리 경험치
结算-看广告,Settlement - Watch Ads,结算-看广告,,,,,,チェックアウトウォッチ広告,결제-광고 보기
结算-看广告按钮,Checkout - Watch Ad Button,结算-看广告按钮,,,,,,「チェックアウト - 広告を表示」ボタン,결제-광고 보기 버튼
局内界面,Intra-game interface,局内界面,,,,,,オフィス内インターフェース,사무실 내 인터페이스
啊？？？啊？？？啊？？？又不写是吧,"Ah??? Ah??? Ah??? I didn't write it, did I?",啊？？？啊？？？啊？？？又不写是吧,,,,,,ああ？ ? ?ああ？ ? ?ああ？ ? ?書いてないですよね？,아? ? ? 아? ? ? 아? ? ? 당신은 글을 쓰고 있지 않습니까?
能力系统,Ability System,能力系统,,,,,,能力システム,능력 시스템
开始界面,Start,开始界面,,,,,,スタート画面,인터페이스 시작
大厅界面,Lobby Interface,大厅界面,,,,,,ロビーインターフェース,로비 인터페이스
观战界面,Spectator,观战界面,,,,,,視聴インターフェース,시청 인터페이스
加载界面,Load UI,加载界面,,,,,,読み込みインターフェース,로딩 인터페이스
商店,Shop,商店,,,,,,店,가게
商店界面,Shop Interface,商店界面,,,,,,ストアインターフェース,매장 인터페이스
地图选择界面,Map Selection,地图选择界面,,,,,,マップ選択インターフェイス,지도 선택 인터페이스
结算界面,Settlement interface,结算界面,,,,,,決済インターフェース,정산 인터페이스
死亡提示界面,Death Prompt,死亡提示界面,,,,,,デスプロンプトインターフェイス,죽음 프롬프트 인터페이스
奖励界面,Reward UI,奖励界面,,,,,,報酬インターフェース,보상 인터페이스
胜利展示界面,Victory Display,胜利展示界面,,,,,,勝利表示インターフェース,승리 디스플레이 인터페이스
商店-获取方式,Shop - How to Get,商店-获取方式,,,,,,ストア – 入手方法,상점 - 구입 방법
大厅3DUI-杀手教学,Hall 3DUI - Killer Tutorial,大厅3DUI-杀手教学,,,,,,ホール 3DUI-キラー チュートリアル,Hall 3DUI-킬러 튜토리얼
大厅3DUI-侦探教学,Hall 3DUI - Detective Tutorial,大厅3DUI-侦探教学,,,,,,ホール 3DUI - 探偵の指導,홀 3DUI-탐정 교육
大厅3DUI-小提示,Lobby 3DUI - Tips,大厅3DUI-小提示,,,,,,ホール 3DUI-ヒント,홀 3DUI-팁
1.如果你是杀手/侦探，请尽量不要暴露自己的身份\n2.远离那些试图靠近你的人，他们很危险，时刻保持警惕\n3.假如你是平民，那么努力活下来吧\n4.不要相信任何人,"1. If you are a murderer/detective, try not to reveal your identity. 2. Stay away from those who try to get close to you, who are dangerous and always stay alert. 3. If you are a civilian, try to survive. 4. Don't trust anyone.",1.如果你是杀手/侦探，请尽量不要暴露自己的身份\n2.远离那些试图靠近你的人，他们很危险，时刻保持警惕\n3.假如你是平民，那么努力活下来吧\n4.不要相信任何人,,,,,,1. あなたが殺人者/探偵の場合は、身元を明かさないようにしてください\n2. あなたに近づこうとする人には近づかないでください。彼らは危険ですので、常に警戒してください\n3. 民間人の場合は、次のことを心がけてください。生き残る\n4. 誰も信用しない,1. 살인자/탐정이라면 신원을 밝히지 마세요.\n2. 접근하려는 사람은 위험하므로 항상 경계하세요.\n3. 살아남으세요\n4. 누구도 믿지 마세요
快捷短语二级-1,Quick Phrase Level 1,快捷短语二级-1,,,,,,クイックフレーズ レベル 2-1,빠른 문구 레벨 2-1
大厅3DUI,Hall 3DUI,大厅3DUI,,,,,,ホール 3DUI,홀 3DUI
商店会员相关,Shop Membership,商店会员相关,,,,,,店舗会員関連,매장회원 관련
大会员商店提示,Membership Store Tips,大会员商店提示,,,,,,大手加盟店のヒント,대형 가맹점 꿀팁
拾取武器,Pick Up Weapon,拾取武器,,,,,,武器を拾う,무기를 집다
学生道具,Student Tools,学生道具,,,,,,学生の小道具,학생 소품
局内金币,Intra-game gold coins,局内金币,,,,,,ゲーム内ゴールドコイン,게임 내 금화
局内其他人死亡,Others killed in the round,局内其他人死亡,,,,,,局内の他の人も死亡した,사무국의 다른 사람들이 사망했습니다.
局内侦探死亡,Detective Dead,局内侦探死亡,,,,,,局の刑事が死亡,국 형사 사망
场景加载提示,Scene loading hints,场景加载提示,,,,,,シーン読み込みプロンプト,장면 로딩 프롬프트
大厅观战,Spectate in the Lobby,大厅观战,,,,,,ロビーで試合を観戦,로비에서 경기 관람
大厅广告,Lobby Advertisement,大厅广告,,,,,,ロビー広告,로비 광고
密码表飘字,Password Table Float,密码表飘字,,,,,,パスワードテーブルのフローティング文字,비밀번호 테이블 부동 문자
抽奖主动提示,Lottery Tips,抽奖主动提示,,,,,,宝くじのプロンプト,복권 프롬프트
抽奖广告冷却,Lottery Ad Cooldown,抽奖广告冷却,,,,,,懸賞広告のクールダウン,경품행사 광고 쿨다운
大会员,Elite Member,大会员,,,,,,ビッグメンバー,큰 회원
弓道服,Kyudo Uniform,弓道服,,,,,,弓道着,궁도복
毛衣外套,Sweater Jacket,毛衣外套,,,,,,ジャンパー・ジャケット,점퍼 재킷
拖尾婚纱,Trailing Wedding Dress,拖尾婚纱,,,,,,ウェディングドレス,슬링키 웨딩 드레스
蝴蝶结桃心裙,Heart Dress,蝴蝶结桃心裙,,,,,,ピーチ・ハート・ドレス,보타이 피치 하트 드레스
恐龙玩偶服,Dinosaur Suit,恐龙玩偶服,,,,,,恐竜人形の服,공룡 인형 옷
礼服,Dress,礼服,,,,,,ガウン,가운
战损休闲装,Damaged Casual Wear,战损休闲装,,,,,,戦争で傷んだカジュアルウェア,전쟁으로 손상된 캐주얼웨어
披风长袖,Long Sleeves,披风长袖,,,,,,長袖ケープ,긴 소매가 달린 케이프
紧身衣,Tights,紧身衣,,,,,,タイツ,타이츠
长袍上衣,Robe Top,长袍上衣,,,,,,カフタン,카프탄
学士服,Bachelor's Robe,学士服,,,,,,学士号,학사 학위
投掷飞刀,Throw Knife,投掷飞刀,,,,,,投げナイフ,칼 던지기

